(Poblacion Generaciones Mutacion Elemento Mutacion Teoria Mutacion Practica Torneo),(Selección Cruce Sustitucion),Mejor Generacion(μ),Mejor Fitness(μ),Fitness(σ),Tiempo(μ)
100-100-9e-05-0.0005-0.0005-10,(torneo uniforme elitismo),38,0.7246 (241 0.9999 0.9604 0.7170 0.4983),0.0025,7.54 min
100-100-9e-05-0.0005-0.0005-10,(torneo uniforme reemplazo),34,0.7292 (224 0.9999 0.9614 0.7133 0.5032),0.0052,3.84 min
100-100-9e-05-0.0005-0.0005-10,(torneo uniforme truncamiento),42,0.7247 (232 1.0000 0.9597 0.7169 0.4964),0.0059,7.58 min
100-100-9e-05-0.0005-0.0005-20,(torneo uniforme elitismo),21,0.7170 (250 1.0000 0.9528 0.7119 0.4911),0.0026,7.38 min
100-100-9e-05-0.0005-0.0005-20,(torneo uniforme reemplazo),30,0.7206 (242 1.0000 0.9536 0.7186 0.5045),0.0045,3.78 min
100-100-9e-05-0.0005-0.0005-20,(torneo uniforme truncamiento),25,0.7151 (254 0.9998 0.9527 0.7162 0.4822),0.0024,7.26 min
100-100-9e-05-0.0005-0.0005-50,(torneo uniforme elitismo),10,0.7064 (258 0.9999 0.9413 0.7096 0.4810),0.0016,7.40 min
100-100-9e-05-0.0005-0.0005-50,(torneo uniforme reemplazo),16,0.7101 (258 1.0000 0.9449 0.7175 0.4893),0.0028,3.76 min
100-100-9e-05-0.0005-0.0005-50,(torneo uniforme truncamiento),44,0.7113 (255 0.9998 0.9464 0.7142 0.4808),0.0014,7.42 min
100-100-9e-05-0.0005-0.005-10,(torneo uniforme elitismo),43,0.7220 (240 0.9997 0.9567 0.7155 0.5024),0.0034,7.53 min
100-100-9e-05-0.0005-0.005-10,(torneo uniforme reemplazo),40,0.7324 (215 1.0000 0.9634 0.7159 0.5107),0.0033,3.77 min
100-100-9e-05-0.0005-0.005-10,(torneo uniforme truncamiento),26,0.7187 (242 1.0000 0.9547 0.7142 0.4847),0.0048,7.50 min
100-100-9e-05-0.0005-0.005-20,(torneo uniforme elitismo),29,0.7185 (253 0.9999 0.9556 0.7146 0.5004),0.0037,7.45 min
100-100-9e-05-0.0005-0.005-20,(torneo uniforme reemplazo),19,0.7156 (246 0.9999 0.9511 0.7154 0.4875),0.0085,3.78 min
100-100-9e-05-0.0005-0.005-20,(torneo uniforme truncamiento),31,0.7129 (256 1.0000 0.9478 0.7138 0.4960),0.0060,7.43 min
100-100-9e-05-0.0005-0.005-50,(torneo uniforme elitismo),27,0.7105 (260 0.9999 0.9471 0.7119 0.4855),0.0044,7.31 min
100-100-9e-05-0.0005-0.005-50,(torneo uniforme reemplazo),17,0.7072 (249 0.9999 0.9386 0.7123 0.4825),0.0029,3.68 min
100-100-9e-05-0.0005-0.005-50,(torneo uniforme truncamiento),25,0.7104 (260 0.9999 0.9480 0.7144 0.4743),0.0050,7.34 min
100-100-9e-05-0.0005-0.05-10,(torneo uniforme elitismo),31,0.7238 (243 1.0000 0.9594 0.7147 0.4997),0.0039,7.50 min
100-100-9e-05-0.0005-0.05-10,(torneo uniforme reemplazo),35,0.7279 (230 0.9999 0.9595 0.7211 0.5100),0.0018,3.81 min
100-100-9e-05-0.0005-0.05-10,(torneo uniforme truncamiento),30,0.7189 (250 0.9999 0.9567 0.7088 0.4978),0.0040,7.41 min
100-100-9e-05-0.0005-0.05-20,(torneo uniforme elitismo),29,0.7186 (241 0.9999 0.9550 0.7111 0.4900),0.0049,7.50 min
100-100-9e-05-0.0005-0.05-20,(torneo uniforme reemplazo),21,0.7182 (247 1.0000 0.9544 0.7092 0.4918),0.0080,3.73 min
100-100-9e-05-0.0005-0.05-20,(torneo uniforme truncamiento),22,0.7169 (254 1.0000 0.9552 0.7128 0.4925),0.0031,7.44 min
100-100-9e-05-0.0005-0.05-50,(torneo uniforme elitismo),16,0.7074 (262 1.0000 0.9429 0.7109 0.4828),0.0029,7.33 min
100-100-9e-05-0.0005-0.05-50,(torneo uniforme reemplazo),14,0.7093 (259 1.0000 0.9469 0.7138 0.4792),0.0023,3.72 min
100-100-9e-05-0.0005-0.05-50,(torneo uniforme truncamiento),15,0.7102 (259 1.0000 0.9474 0.7125 0.4826),0.0061,7.38 min
100-100-9e-05-0.005-0.0005-10,(torneo uniforme elitismo),30,0.7271 (235 0.9992 0.9623 0.7211 0.5048),0.0057,7.48 min
100-100-9e-05-0.005-0.0005-10,(torneo uniforme reemplazo),35,0.7299 (230 0.9996 0.9626 0.7175 0.5107),0.0039,3.79 min
100-100-9e-05-0.005-0.0005-10,(torneo uniforme truncamiento),25,0.7188 (241 0.9996 0.9543 0.7154 0.4887),0.0054,7.46 min
100-100-9e-05-0.005-0.0005-20,(torneo uniforme elitismo),17,0.7150 (258 0.9995 0.9539 0.7145 0.4882),0.0058,7.37 min
100-100-9e-05-0.005-0.0005-20,(torneo uniforme reemplazo),21,0.7204 (247 0.9995 0.9551 0.7165 0.5026),0.0028,3.74 min
100-100-9e-05-0.005-0.0005-20,(torneo uniforme truncamiento),17,0.7163 (257 0.9993 0.9553 0.7165 0.4891),0.0044,7.35 min
100-100-9e-05-0.005-0.0005-50,(torneo uniforme elitismo),16,0.7082 (255 0.9997 0.9425 0.7077 0.4808),0.0045,7.28 min
100-100-9e-05-0.005-0.0005-50,(torneo uniforme reemplazo),13,0.7125 (259 0.9997 0.9472 0.7171 0.4917),0.0051,3.71 min
100-100-9e-05-0.005-0.0005-50,(torneo uniforme truncamiento),16,0.7099 (265 0.9994 0.9467 0.7121 0.4853),0.0056,7.43 min
100-100-9e-05-0.005-0.005-10,(torneo uniforme elitismo),28,0.7217 (245 0.9992 0.9577 0.7122 0.5020),0.0051,7.48 min
100-100-9e-05-0.005-0.005-10,(torneo uniforme reemplazo),33,0.7288 (227 0.9993 0.9601 0.7123 0.5158),0.0025,3.80 min
100-100-9e-05-0.005-0.005-10,(torneo uniforme truncamiento),25,0.7175 (247 0.9993 0.9532 0.7137 0.4901),0.0054,7.60 min
100-100-9e-05-0.005-0.005-20,(torneo uniforme elitismo),20,0.7154 (254 0.9995 0.9532 0.7069 0.4951),0.0075,7.38 min
100-100-9e-05-0.005-0.005-20,(torneo uniforme reemplazo),18,0.7199 (244 0.9997 0.9547 0.7153 0.4974),0.0027,3.73 min
100-100-9e-05-0.005-0.005-20,(torneo uniforme truncamiento),22,0.7137 (255 0.9990 0.9498 0.7093 0.4865),0.0049,7.43 min
100-100-9e-05-0.005-0.005-50,(torneo uniforme elitismo),14,0.7077 (265 0.9998 0.9476 0.7100 0.4799),0.0041,7.40 min
100-100-9e-05-0.005-0.005-50,(torneo uniforme reemplazo),12,0.7113 (255 0.9997 0.9467 0.7147 0.4811),0.0010,3.72 min
100-100-9e-05-0.005-0.005-50,(torneo uniforme truncamiento),11,0.7085 (256 0.9998 0.9427 0.7135 0.4829),0.0036,7.32 min
100-100-9e-05-0.005-0.05-10,(torneo uniforme elitismo),26,0.7216 (243 0.9990 0.9546 0.7180 0.5100),0.0070,7.43 min
100-100-9e-05-0.005-0.05-10,(torneo uniforme reemplazo),29,0.7238 (241 0.9994 0.9621 0.7176 0.4925),0.0058,3.76 min
100-100-9e-05-0.005-0.05-10,(torneo uniforme truncamiento),27,0.7202 (248 0.9989 0.9562 0.7113 0.4979),0.0022,7.42 min
100-100-9e-05-0.005-0.05-20,(torneo uniforme elitismo),19,0.7170 (240 0.9998 0.9516 0.7153 0.4806),0.0048,7.38 min
100-100-9e-05-0.005-0.05-20,(torneo uniforme reemplazo),19,0.7187 (244 0.9996 0.9541 0.7164 0.4900),0.0043,3.73 min
100-100-9e-05-0.005-0.05-20,(torneo uniforme truncamiento),18,0.7151 (253 0.9994 0.9515 0.7170 0.4911),0.0042,7.40 min
100-100-9e-05-0.005-0.05-50,(torneo uniforme elitismo),13,0.7084 (261 0.9998 0.9438 0.7164 0.4831),0.0050,7.38 min
100-100-9e-05-0.005-0.05-50,(torneo uniforme reemplazo),11,0.7095 (266 0.9996 0.9462 0.7119 0.4853),0.0042,3.70 min
100-100-9e-05-0.005-0.05-50,(torneo uniforme truncamiento),13,0.7075 (256 0.9997 0.9410 0.7065 0.4857),0.0033,7.34 min
100-100-9e-05-0.05-0.0005-10,(torneo uniforme elitismo),24,0.7145 (272 0.9953 0.9554 0.7158 0.5025),0.0019,7.36 min
100-100-9e-05-0.05-0.0005-10,(torneo uniforme reemplazo),28,0.7238 (252 0.9949 0.9611 0.7161 0.5138),0.0047,3.75 min
100-100-9e-05-0.05-0.0005-10,(torneo uniforme truncamiento),22,0.7141 (258 0.9963 0.9522 0.7142 0.4900),0.0027,7.39 min
100-100-9e-05-0.05-0.0005-20,(torneo uniforme elitismo),14,0.7109 (259 0.9969 0.9464 0.7139 0.4900),0.0037,7.39 min
100-100-9e-05-0.05-0.0005-20,(torneo uniforme reemplazo),17,0.7152 (257 0.9965 0.9527 0.7111 0.4922),0.0058,3.74 min
100-100-9e-05-0.05-0.0005-20,(torneo uniforme truncamiento),17,0.7106 (268 0.9961 0.9497 0.7138 0.4938),0.0033,7.44 min
100-100-9e-05-0.05-0.0005-50,(torneo uniforme elitismo),10,0.7065 (265 0.9975 0.9417 0.7186 0.4876),0.0072,7.30 min
100-100-9e-05-0.05-0.0005-50,(torneo uniforme reemplazo),10,0.7045 (271 0.9974 0.9436 0.7127 0.4796),0.0027,3.65 min
100-100-9e-05-0.05-0.0005-50,(torneo uniforme truncamiento),10,0.7039 (274 0.9979 0.9417 0.7145 0.4862),0.0028,7.29 min
100-100-9e-05-0.05-0.005-10,(torneo uniforme elitismo),27,0.7192 (259 0.9943 0.9577 0.7167 0.5048),0.0056,7.49 min
100-100-9e-05-0.05-0.005-10,(torneo uniforme reemplazo),27,0.7176 (268 0.9949 0.9593 0.7167 0.4978),0.0065,3.71 min
100-100-9e-05-0.05-0.005-10,(torneo uniforme truncamiento),23,0.7157 (265 0.9954 0.9552 0.7171 0.5002),0.0049,7.53 min
100-100-9e-05-0.05-0.005-20,(torneo uniforme elitismo),16,0.7127 (273 0.9966 0.9519 0.7142 0.5036),0.0015,7.41 min
100-100-9e-05-0.05-0.005-20,(torneo uniforme reemplazo),15,0.7105 (261 0.9970 0.9484 0.7132 0.4866),0.0053,3.78 min
100-100-9e-05-0.05-0.005-20,(torneo uniforme truncamiento),14,0.7086 (280 0.9975 0.9501 0.7201 0.4878),0.0045,7.43 min
100-100-9e-05-0.05-0.005-50,(torneo uniforme elitismo),11,0.7059 (268 0.9976 0.9433 0.7130 0.4773),0.0017,7.37 min
100-100-9e-05-0.05-0.005-50,(torneo uniforme reemplazo),9,0.7063 (279 0.9973 0.9458 0.7160 0.4911),0.0045,3.70 min
100-100-9e-05-0.05-0.005-50,(torneo uniforme truncamiento),10,0.7058 (262 0.9979 0.9435 0.7100 0.4781),0.0037,7.34 min
100-100-9e-05-0.05-0.05-10,(torneo uniforme elitismo),22,0.7157 (260 0.9960 0.9542 0.7190 0.4953),0.0058,7.45 min
100-100-9e-05-0.05-0.05-10,(torneo uniforme reemplazo),28,0.7228 (254 0.9951 0.9584 0.7158 0.5178),0.0036,3.85 min
100-100-9e-05-0.05-0.05-10,(torneo uniforme truncamiento),25,0.7144 (269 0.9951 0.9556 0.7152 0.4963),0.0070,7.38 min
100-100-9e-05-0.05-0.05-20,(torneo uniforme elitismo),17,0.7154 (262 0.9965 0.9532 0.7133 0.4987),0.0031,7.45 min
100-100-9e-05-0.05-0.05-20,(torneo uniforme reemplazo),16,0.7135 (263 0.9979 0.9524 0.7159 0.4897),0.0053,3.71 min
100-100-9e-05-0.05-0.05-20,(torneo uniforme truncamiento),16,0.7126 (261 0.9965 0.9493 0.7167 0.4980),0.0021,7.34 min
100-100-9e-05-0.05-0.05-50,(torneo uniforme elitismo),11,0.7101 (267 0.9972 0.9456 0.7172 0.4934),0.0015,7.36 min
100-100-9e-05-0.05-0.05-50,(torneo uniforme reemplazo),12,0.7063 (277 0.9974 0.9448 0.7140 0.4882),0.0039,3.68 min
100-100-9e-05-0.05-0.05-50,(torneo uniforme truncamiento),10,0.7044 (271 0.9973 0.9391 0.7144 0.4907),0.0037,7.38 min
100-50-9e-05-0.0005-0.0005-10,(torneo uniforme elitismo),32,0.7241 (245 0.9999 0.9624 0.7199 0.4983),0.0026,3.65 min
100-50-9e-05-0.0005-0.0005-10,(torneo uniforme reemplazo),30,0.7264 (239 0.9999 0.9633 0.7145 0.4991),0.0036,1.92 min
100-50-9e-05-0.0005-0.0005-10,(torneo uniforme truncamiento),25,0.7184 (247 1.0000 0.9537 0.7157 0.4946),0.0034,3.74 min
100-50-9e-05-0.0005-0.0005-20,(torneo uniforme elitismo),22,0.7163 (250 0.9998 0.9538 0.7134 0.4821),0.0055,3.66 min
100-50-9e-05-0.0005-0.0005-20,(torneo uniforme reemplazo),18,0.7170 (247 0.9999 0.9511 0.7123 0.4953),0.0049,1.86 min
100-50-9e-05-0.0005-0.0005-20,(torneo uniforme truncamiento),24,0.7171 (254 1.0000 0.9549 0.7150 0.4930),0.0029,3.67 min
100-50-9e-05-0.0005-0.0005-50,(torneo uniforme elitismo),19,0.7092 (259 0.9998 0.9435 0.7162 0.4864),0.0025,3.61 min
100-50-9e-05-0.0005-0.0005-50,(torneo uniforme reemplazo),10,0.7070 (261 1.0000 0.9414 0.7155 0.4845),0.0050,1.83 min
100-50-9e-05-0.0005-0.0005-50,(torneo uniforme truncamiento),18,0.7075 (263 0.9999 0.9432 0.7149 0.4772),0.0026,3.66 min
100-50-9e-05-0.0005-0.005-10,(torneo uniforme elitismo),29,0.7229 (236 1.0000 0.9578 0.7116 0.4953),0.0077,3.72 min
100-50-9e-05-0.0005-0.005-10,(torneo uniforme reemplazo),38,0.7310 (226 1.0000 0.9627 0.7162 0.5133),0.0025,1.91 min
100-50-9e-05-0.0005-0.005-10,(torneo uniforme truncamiento),32,0.7200 (244 0.9999 0.9553 0.7141 0.4965),0.0027,3.79 min
100-50-9e-05-0.0005-0.005-20,(torneo uniforme elitismo),18,0.7147 (251 1.0000 0.9525 0.7113 0.4839),0.0036,3.68 min
100-50-9e-05-0.0005-0.005-20,(torneo uniforme reemplazo),24,0.7180 (244 0.9999 0.9538 0.7118 0.4928),0.0024,1.88 min
100-50-9e-05-0.0005-0.005-20,(torneo uniforme truncamiento),21,0.7183 (248 0.9998 0.9516 0.7175 0.4985),0.0038,3.67 min
100-50-9e-05-0.0005-0.005-50,(torneo uniforme elitismo),16,0.7080 (260 0.9999 0.9428 0.7117 0.4854),0.0064,3.62 min
100-50-9e-05-0.0005-0.005-50,(torneo uniforme reemplazo),14,0.7082 (261 0.9999 0.9413 0.7100 0.4913),0.0044,1.84 min
100-50-9e-05-0.0005-0.005-50,(torneo uniforme truncamiento),11,0.7089 (256 1.0000 0.9428 0.7104 0.4879),0.0029,3.67 min
100-50-9e-05-0.0005-0.05-10,(torneo uniforme elitismo),25,0.7222 (234 1.0000 0.9550 0.7142 0.4963),0.0039,3.70 min
100-50-9e-05-0.0005-0.05-10,(torneo uniforme reemplazo),34,0.7327 (222 0.9999 0.9645 0.7142 0.5168),0.0037,1.92 min
100-50-9e-05-0.0005-0.05-10,(torneo uniforme truncamiento),28,0.7220 (237 0.9999 0.9546 0.7164 0.4949),0.0034,3.75 min
100-50-9e-05-0.0005-0.05-20,(torneo uniforme elitismo),21,0.7176 (242 1.0000 0.9517 0.7095 0.4944),0.0052,3.67 min
100-50-9e-05-0.0005-0.05-20,(torneo uniforme reemplazo),25,0.7210 (244 0.9999 0.9566 0.7152 0.4923),0.0046,1.89 min
100-50-9e-05-0.0005-0.05-20,(torneo uniforme truncamiento),19,0.7166 (251 1.0000 0.9518 0.7116 0.4974),0.0052,3.73 min
100-50-9e-05-0.0005-0.05-50,(torneo uniforme elitismo),13,0.7105 (252 1.0000 0.9455 0.7137 0.4774),0.0025,3.68 min
100-50-9e-05-0.0005-0.05-50,(torneo uniforme reemplazo),15,0.7074 (263 0.9999 0.9459 0.7136 0.4783),0.0044,1.85 min
100-50-9e-05-0.0005-0.05-50,(torneo uniforme truncamiento),10,0.7061 (260 0.9999 0.9399 0.7123 0.4833),0.0042,3.61 min
100-50-9e-05-0.005-0.0005-10,(torneo uniforme elitismo),28,0.7218 (245 0.9993 0.9588 0.7169 0.4943),0.0041,3.77 min
100-50-9e-05-0.005-0.0005-10,(torneo uniforme reemplazo),30,0.7277 (241 0.9996 0.9631 0.7188 0.5107),0.0056,1.91 min
100-50-9e-05-0.005-0.0005-10,(torneo uniforme truncamiento),29,0.7230 (251 0.9993 0.9574 0.7198 0.5091),0.0036,3.76 min
100-50-9e-05-0.005-0.0005-20,(torneo uniforme elitismo),19,0.7184 (250 0.9995 0.9545 0.7148 0.4915),0.0033,3.76 min
100-50-9e-05-0.005-0.0005-20,(torneo uniforme reemplazo),18,0.7199 (248 0.9999 0.9549 0.7180 0.4988),0.0013,1.92 min
100-50-9e-05-0.005-0.0005-20,(torneo uniforme truncamiento),19,0.7145 (259 0.9998 0.9504 0.7137 0.4991),0.0021,3.69 min
100-50-9e-05-0.005-0.0005-50,(torneo uniforme elitismo),11,0.7098 (262 0.9999 0.9468 0.7097 0.4808),0.0066,3.65 min
100-50-9e-05-0.005-0.0005-50,(torneo uniforme reemplazo),12,0.7063 (264 0.9998 0.9446 0.7136 0.4774),0.0054,1.86 min
100-50-9e-05-0.005-0.0005-50,(torneo uniforme truncamiento),11,0.7088 (248 0.9999 0.9413 0.7177 0.4774),0.0043,3.69 min
100-50-9e-05-0.005-0.005-10,(torneo uniforme elitismo),29,0.7259 (231 0.9995 0.9596 0.7176 0.5021),0.0050,3.74 min
100-50-9e-05-0.005-0.005-10,(torneo uniforme reemplazo),34,0.7279 (236 0.9993 0.9622 0.7184 0.5096),0.0032,1.91 min
100-50-9e-05-0.005-0.005-10,(torneo uniforme truncamiento),25,0.7190 (242 0.9996 0.9530 0.7113 0.5037),0.0059,3.74 min
100-50-9e-05-0.005-0.005-20,(torneo uniforme elitismo),16,0.7179 (249 0.9997 0.9549 0.7142 0.4899),0.0024,3.69 min
100-50-9e-05-0.005-0.005-20,(torneo uniforme reemplazo),21,0.7174 (251 0.9991 0.9534 0.7212 0.4945),0.0040,1.92 min
100-50-9e-05-0.005-0.005-20,(torneo uniforme truncamiento),20,0.7166 (249 0.9994 0.9525 0.7110 0.4954),0.0023,3.71 min
100-50-9e-05-0.005-0.005-50,(torneo uniforme elitismo),13,0.7098 (255 0.9993 0.9450 0.7152 0.4783),0.0050,3.68 min
100-50-9e-05-0.005-0.005-50,(torneo uniforme reemplazo),19,0.7101 (252 0.9992 0.9435 0.7191 0.4821),0.0037,1.85 min
100-50-9e-05-0.005-0.005-50,(torneo uniforme truncamiento),17,0.7058 (257 0.9995 0.9415 0.7142 0.4743),0.0039,3.67 min
100-50-9e-05-0.005-0.05-10,(torneo uniforme elitismo),32,0.7227 (241 0.9991 0.9572 0.7124 0.5059),0.0032,3.79 min
100-50-9e-05-0.005-0.05-10,(torneo uniforme reemplazo),29,0.7258 (239 0.9995 0.9604 0.7152 0.5045),0.0066,1.94 min
100-50-9e-05-0.005-0.05-10,(torneo uniforme truncamiento),24,0.7180 (249 0.9995 0.9545 0.7113 0.4932),0.0059,3.72 min
100-50-9e-05-0.005-0.05-20,(torneo uniforme elitismo),19,0.7192 (245 0.9994 0.9549 0.7138 0.4953),0.0059,3.71 min
100-50-9e-05-0.005-0.05-20,(torneo uniforme reemplazo),21,0.7185 (248 0.9994 0.9537 0.7164 0.4943),0.0029,1.94 min
100-50-9e-05-0.005-0.05-20,(torneo uniforme truncamiento),19,0.7148 (251 0.9996 0.9526 0.7099 0.4838),0.0044,3.73 min
100-50-9e-05-0.005-0.05-50,(torneo uniforme elitismo),10,0.7043 (260 1.0000 0.9378 0.7128 0.4752),0.0030,3.70 min
100-50-9e-05-0.005-0.05-50,(torneo uniforme reemplazo),15,0.7060 (259 0.9996 0.9386 0.7123 0.4853),0.0119,1.84 min
100-50-9e-05-0.005-0.05-50,(torneo uniforme truncamiento),9,0.7052 (258 0.9999 0.9365 0.7142 0.4831),0.0119,3.66 min
100-50-9e-05-0.05-0.0005-10,(torneo uniforme elitismo),21,0.7149 (260 0.9956 0.9527 0.7099 0.5009),0.0041,3.73 min
100-50-9e-05-0.05-0.0005-10,(torneo uniforme reemplazo),27,0.7193 (256 0.9939 0.9592 0.7137 0.4992),0.0039,1.92 min
100-50-9e-05-0.05-0.0005-10,(torneo uniforme truncamiento),20,0.7107 (269 0.9958 0.9524 0.7117 0.4830),0.0041,3.75 min
100-50-9e-05-0.05-0.0005-20,(torneo uniforme elitismo),14,0.7106 (262 0.9974 0.9472 0.7154 0.4916),0.0060,3.69 min
100-50-9e-05-0.05-0.0005-20,(torneo uniforme reemplazo),16,0.7122 (268 0.9964 0.9515 0.7154 0.4945),0.0062,1.87 min
100-50-9e-05-0.05-0.0005-20,(torneo uniforme truncamiento),16,0.7145 (262 0.9973 0.9532 0.7100 0.4943),0.0028,3.77 min
100-50-9e-05-0.05-0.0005-50,(torneo uniforme elitismo),9,0.7067 (269 0.9983 0.9427 0.7151 0.4876),0.0046,3.69 min
100-50-9e-05-0.05-0.0005-50,(torneo uniforme reemplazo),9,0.7039 (276 0.9983 0.9421 0.7145 0.4817),0.0027,1.87 min
100-50-9e-05-0.05-0.0005-50,(torneo uniforme truncamiento),9,0.7041 (272 0.9981 0.9447 0.7092 0.4784),0.0045,3.68 min
100-50-9e-05-0.05-0.005-10,(torneo uniforme elitismo),22,0.7152 (259 0.9961 0.9536 0.7142 0.4976),0.0039,3.79 min
100-50-9e-05-0.05-0.005-10,(torneo uniforme reemplazo),26,0.7208 (253 0.9957 0.9597 0.7145 0.5005),0.0031,1.91 min
100-50-9e-05-0.05-0.005-10,(torneo uniforme truncamiento),20,0.7149 (264 0.9958 0.9548 0.7117 0.4968),0.0036,3.71 min
100-50-9e-05-0.05-0.005-20,(torneo uniforme elitismo),16,0.7107 (273 0.9967 0.9504 0.7134 0.4930),0.0058,3.71 min
100-50-9e-05-0.05-0.005-20,(torneo uniforme reemplazo),17,0.7136 (267 0.9951 0.9521 0.7183 0.4977),0.0051,1.88 min
100-50-9e-05-0.05-0.005-20,(torneo uniforme truncamiento),16,0.7107 (260 0.9962 0.9487 0.7175 0.4866),0.0033,3.71 min
100-50-9e-05-0.05-0.005-50,(torneo uniforme elitismo),10,0.7033 (268 0.9968 0.9396 0.7083 0.4755),0.0051,3.65 min
100-50-9e-05-0.05-0.005-50,(torneo uniforme reemplazo),11,0.7080 (270 0.9979 0.9458 0.7101 0.4880),0.0026,1.87 min
100-50-9e-05-0.05-0.005-50,(torneo uniforme truncamiento),10,0.7084 (265 0.9984 0.9442 0.7128 0.4898),0.0041,3.72 min
100-50-9e-05-0.05-0.05-10,(torneo uniforme elitismo),25,0.7154 (257 0.9950 0.9528 0.7144 0.4938),0.0038,3.80 min
100-50-9e-05-0.05-0.05-10,(torneo uniforme reemplazo),30,0.7247 (246 0.9947 0.9619 0.7151 0.5083),0.0048,1.90 min
100-50-9e-05-0.05-0.05-10,(torneo uniforme truncamiento),23,0.7139 (273 0.9952 0.9541 0.7150 0.4969),0.0063,3.74 min
100-50-9e-05-0.05-0.05-20,(torneo uniforme elitismo),16,0.7121 (264 0.9971 0.9498 0.7152 0.4950),0.0055,3.70 min
100-50-9e-05-0.05-0.05-20,(torneo uniforme reemplazo),16,0.7133 (262 0.9971 0.9527 0.7126 0.4908),0.0037,1.89 min
100-50-9e-05-0.05-0.05-20,(torneo uniforme truncamiento),17,0.7137 (267 0.9958 0.9529 0.7134 0.4954),0.0079,3.73 min
100-50-9e-05-0.05-0.05-50,(torneo uniforme elitismo),10,0.7024 (271 0.9976 0.9394 0.7132 0.4756),0.0022,3.65 min
100-50-9e-05-0.05-0.05-50,(torneo uniforme reemplazo),10,0.7043 (283 0.9977 0.9447 0.7116 0.4877),0.0025,1.86 min
100-50-9e-05-0.05-0.05-50,(torneo uniforme truncamiento),11,0.7073 (270 0.9978 0.9460 0.7137 0.4869),0.0043,3.72 min
100-80-9e-05-0.0005-0.0005-10,(torneo uniforme elitismo),31,0.7250 (236 1.0000 0.9594 0.7151 0.5037),0.0028,5.99 min
100-80-9e-05-0.0005-0.0005-10,(torneo uniforme reemplazo),36,0.7322 (228 0.9999 0.9643 0.7177 0.5163),0.0024,3.05 min
100-80-9e-05-0.0005-0.0005-10,(torneo uniforme truncamiento),36,0.7228 (243 0.9999 0.9603 0.7124 0.4967),0.0061,5.97 min
100-80-9e-05-0.0005-0.0005-20,(torneo uniforme elitismo),18,0.7156 (251 0.9998 0.9510 0.7138 0.4943),0.0039,5.97 min
100-80-9e-05-0.0005-0.0005-20,(torneo uniforme reemplazo),18,0.7192 (247 1.0000 0.9577 0.7164 0.4827),0.0019,3.03 min
100-80-9e-05-0.0005-0.0005-20,(torneo uniforme truncamiento),17,0.7153 (247 1.0000 0.9485 0.7119 0.4908),0.0025,5.92 min
100-80-9e-05-0.0005-0.0005-50,(torneo uniforme elitismo),18,0.7042 (263 0.9999 0.9397 0.7106 0.4770),0.0084,5.91 min
100-80-9e-05-0.0005-0.0005-50,(torneo uniforme reemplazo),11,0.7062 (256 1.0000 0.9378 0.7143 0.4842),0.0051,3.00 min
100-80-9e-05-0.0005-0.0005-50,(torneo uniforme truncamiento),12,0.7086 (259 0.9999 0.9427 0.7092 0.4850),0.0060,5.88 min
100-80-9e-05-0.0005-0.005-10,(torneo uniforme elitismo),40,0.7211 (236 1.0000 0.9562 0.7160 0.4890),0.0011,5.98 min
100-80-9e-05-0.0005-0.005-10,(torneo uniforme reemplazo),35,0.7323 (221 0.9999 0.9653 0.7139 0.5108),0.0027,3.06 min
100-80-9e-05-0.0005-0.005-10,(torneo uniforme truncamiento),36,0.7265 (229 0.9999 0.9607 0.7148 0.4961),0.0042,6.06 min
100-80-9e-05-0.0005-0.005-20,(torneo uniforme elitismo),20,0.7174 (245 0.9999 0.9528 0.7103 0.4921),0.0024,5.96 min
100-80-9e-05-0.0005-0.005-20,(torneo uniforme reemplazo),24,0.7200 (240 1.0000 0.9556 0.7168 0.4926),0.0046,2.99 min
100-80-9e-05-0.0005-0.005-20,(torneo uniforme truncamiento),28,0.7163 (245 0.9998 0.9528 0.7075 0.4890),0.0069,5.95 min
100-80-9e-05-0.0005-0.005-50,(torneo uniforme elitismo),34,0.7133 (248 0.9998 0.9483 0.7119 0.4844),0.0045,5.89 min
100-80-9e-05-0.0005-0.005-50,(torneo uniforme reemplazo),27,0.7096 (253 1.0000 0.9461 0.7087 0.4816),0.0025,2.98 min
100-80-9e-05-0.0005-0.005-50,(torneo uniforme truncamiento),31,0.7085 (265 0.9998 0.9436 0.7183 0.4856),0.0020,5.87 min
100-80-9e-05-0.0005-0.05-10,(torneo uniforme elitismo),27,0.7222 (246 0.9998 0.9599 0.7155 0.5039),0.0051,5.98 min
100-80-9e-05-0.0005-0.05-10,(torneo uniforme reemplazo),33,0.7275 (235 1.0000 0.9610 0.7106 0.5118),0.0045,3.12 min
100-80-9e-05-0.0005-0.05-10,(torneo uniforme truncamiento),26,0.7241 (238 1.0000 0.9586 0.7141 0.4976),0.0033,6.04 min
100-80-9e-05-0.0005-0.05-20,(torneo uniforme elitismo),21,0.7134 (258 0.9999 0.9508 0.7155 0.4897),0.0029,5.91 min
100-80-9e-05-0.0005-0.05-20,(torneo uniforme reemplazo),24,0.7212 (242 1.0000 0.9564 0.7149 0.4986),0.0024,3.07 min
100-80-9e-05-0.0005-0.05-20,(torneo uniforme truncamiento),18,0.7130 (258 1.0000 0.9516 0.7123 0.4835),0.0035,5.87 min
100-80-9e-05-0.0005-0.05-50,(torneo uniforme elitismo),17,0.7097 (255 0.9999 0.9433 0.7149 0.4884),0.0022,5.96 min
100-80-9e-05-0.0005-0.05-50,(torneo uniforme reemplazo),22,0.7071 (255 1.0000 0.9411 0.7119 0.4813),0.0028,2.98 min
100-80-9e-05-0.0005-0.05-50,(torneo uniforme truncamiento),17,0.7099 (261 0.9999 0.9468 0.7102 0.4851),0.0044,5.88 min
100-80-9e-05-0.005-0.0005-10,(torneo uniforme elitismo),32,0.7237 (243 0.9993 0.9591 0.7177 0.5006),0.0039,5.92 min
100-80-9e-05-0.005-0.0005-10,(torneo uniforme reemplazo),34,0.7263 (233 0.9994 0.9589 0.7180 0.5079),0.0031,3.07 min
100-80-9e-05-0.005-0.0005-10,(torneo uniforme truncamiento),24,0.7181 (243 0.9993 0.9535 0.7166 0.4911),0.0029,5.98 min
100-80-9e-05-0.005-0.0005-20,(torneo uniforme elitismo),16,0.7165 (258 0.9996 0.9554 0.7124 0.4905),0.0029,5.97 min
100-80-9e-05-0.005-0.0005-20,(torneo uniforme reemplazo),20,0.7215 (242 0.9995 0.9568 0.7134 0.4980),0.0067,3.01 min
100-80-9e-05-0.005-0.0005-20,(torneo uniforme truncamiento),18,0.7157 (256 0.9994 0.9529 0.7126 0.4961),0.0033,5.95 min
100-80-9e-05-0.005-0.0005-50,(torneo uniforme elitismo),11,0.7104 (259 0.9995 0.9456 0.7124 0.4855),0.0044,5.85 min
100-80-9e-05-0.005-0.0005-50,(torneo uniforme reemplazo),16,0.7103 (260 0.9994 0.9464 0.7095 0.4915),0.0033,2.99 min
100-80-9e-05-0.005-0.0005-50,(torneo uniforme truncamiento),13,0.7107 (261 0.9997 0.9451 0.7156 0.4880),0.0042,5.91 min
100-80-9e-05-0.005-0.005-10,(torneo uniforme elitismo),27,0.7233 (241 0.9995 0.9592 0.7201 0.4999),0.0046,6.04 min
100-80-9e-05-0.005-0.005-10,(torneo uniforme reemplazo),34,0.7281 (227 0.9995 0.9622 0.7134 0.5041),0.0034,3.04 min
100-80-9e-05-0.005-0.005-10,(torneo uniforme truncamiento),25,0.7175 (252 0.9996 0.9559 0.7118 0.4949),0.0021,5.96 min
100-80-9e-05-0.005-0.005-20,(torneo uniforme elitismo),20,0.7129 (257 0.9994 0.9514 0.7145 0.4864),0.0049,5.99 min
100-80-9e-05-0.005-0.005-20,(torneo uniforme reemplazo),19,0.7169 (252 0.9997 0.9511 0.7173 0.4898),0.0043,3.02 min
100-80-9e-05-0.005-0.005-20,(torneo uniforme truncamiento),18,0.7139 (260 0.9994 0.9525 0.7100 0.4892),0.0030,5.90 min
100-80-9e-05-0.005-0.005-50,(torneo uniforme elitismo),10,0.7063 (258 0.9999 0.9394 0.7156 0.4787),0.0123,5.84 min
100-80-9e-05-0.005-0.005-50,(torneo uniforme reemplazo),13,0.7108 (242 0.9998 0.9424 0.7128 0.4843),0.0039,2.96 min
100-80-9e-05-0.005-0.005-50,(torneo uniforme truncamiento),18,0.7070 (261 0.9998 0.9416 0.7106 0.4822),0.0037,5.83 min
100-80-9e-05-0.005-0.05-10,(torneo uniforme elitismo),27,0.7226 (241 0.9994 0.9571 0.7183 0.5007),0.0032,5.98 min
100-80-9e-05-0.005-0.05-10,(torneo uniforme reemplazo),33,0.7285 (234 0.9989 0.9606 0.7161 0.5173),0.0029,3.10 min
100-80-9e-05-0.005-0.05-10,(torneo uniforme truncamiento),25,0.7234 (241 0.9997 0.9566 0.7148 0.5042),0.0027,6.04 min
100-80-9e-05-0.005-0.05-20,(torneo uniforme elitismo),21,0.7171 (253 0.9998 0.9524 0.7187 0.4938),0.0040,5.97 min
100-80-9e-05-0.005-0.05-20,(torneo uniforme reemplazo),18,0.7152 (256 0.9996 0.9525 0.7148 0.4903),0.0043,2.98 min
100-80-9e-05-0.005-0.05-20,(torneo uniforme truncamiento),21,0.7169 (256 0.9996 0.9550 0.7096 0.4942),0.0062,6.02 min
100-80-9e-05-0.005-0.05-50,(torneo uniforme elitismo),13,0.7062 (261 0.9997 0.9430 0.7100 0.4774),0.0071,5.84 min
100-80-9e-05-0.005-0.05-50,(torneo uniforme reemplazo),13,0.7098 (257 0.9997 0.9451 0.7135 0.4851),0.0056,2.98 min
100-80-9e-05-0.005-0.05-50,(torneo uniforme truncamiento),11,0.7047 (269 0.9999 0.9421 0.7128 0.4813),0.0022,5.87 min
100-80-9e-05-0.05-0.0005-10,(torneo uniforme elitismo),21,0.7117 (259 0.9958 0.9501 0.7142 0.4830),0.0031,5.96 min
100-80-9e-05-0.05-0.0005-10,(torneo uniforme reemplazo),27,0.7225 (250 0.9961 0.9603 0.7150 0.5078),0.0042,3.05 min
100-80-9e-05-0.05-0.0005-10,(torneo uniforme truncamiento),21,0.7122 (277 0.9950 0.9521 0.7134 0.5004),0.0045,5.91 min
100-80-9e-05-0.05-0.0005-20,(torneo uniforme elitismo),14,0.7075 (274 0.9961 0.9493 0.7127 0.4815),0.0080,5.89 min
100-80-9e-05-0.05-0.0005-20,(torneo uniforme reemplazo),17,0.7144 (251 0.9965 0.9514 0.7099 0.4872),0.0036,2.97 min
100-80-9e-05-0.05-0.0005-20,(torneo uniforme truncamiento),16,0.7124 (263 0.9953 0.9500 0.7139 0.4933),0.0034,5.98 min
100-80-9e-05-0.05-0.0005-50,(torneo uniforme elitismo),10,0.7041 (273 0.9979 0.9434 0.7089 0.4810),0.0050,5.89 min
100-80-9e-05-0.05-0.0005-50,(torneo uniforme reemplazo),10,0.7045 (276 0.9979 0.9430 0.7126 0.4820),0.0032,2.95 min
100-80-9e-05-0.05-0.0005-50,(torneo uniforme truncamiento),10,0.7068 (262 0.9984 0.9424 0.7077 0.4869),0.0021,5.90 min
100-80-9e-05-0.05-0.005-10,(torneo uniforme elitismo),24,0.7181 (259 0.9963 0.9579 0.7146 0.5038),0.0082,5.95 min
100-80-9e-05-0.05-0.005-10,(torneo uniforme reemplazo),26,0.7175 (263 0.9942 0.9577 0.7188 0.4977),0.0051,3.03 min
100-80-9e-05-0.05-0.005-10,(torneo uniforme truncamiento),23,0.7118 (270 0.9940 0.9510 0.7225 0.4937),0.0040,5.98 min
100-80-9e-05-0.05-0.005-20,(torneo uniforme elitismo),13,0.7086 (273 0.9964 0.9501 0.7145 0.4835),0.0034,5.94 min
100-80-9e-05-0.05-0.005-20,(torneo uniforme reemplazo),16,0.7129 (263 0.9970 0.9512 0.7151 0.4937),0.0040,3.01 min
100-80-9e-05-0.05-0.005-20,(torneo uniforme truncamiento),16,0.7123 (263 0.9969 0.9522 0.7104 0.4894),0.0025,5.97 min
100-80-9e-05-0.05-0.005-50,(torneo uniforme elitismo),9,0.7056 (264 0.9982 0.9419 0.7099 0.4828),0.0026,5.86 min
100-80-9e-05-0.05-0.005-50,(torneo uniforme reemplazo),10,0.7046 (267 0.9969 0.9414 0.7118 0.4848),0.0061,2.97 min
100-80-9e-05-0.05-0.005-50,(torneo uniforme truncamiento),11,0.7067 (273 0.9976 0.9439 0.7174 0.4911),0.0045,5.85 min
100-80-9e-05-0.05-0.05-10,(torneo uniforme elitismo),23,0.7128 (273 0.9944 0.9540 0.7157 0.4929),0.0054,5.94 min
100-80-9e-05-0.05-0.05-10,(torneo uniforme reemplazo),25,0.7172 (253 0.9955 0.9522 0.7190 0.5025),0.0050,3.03 min
100-80-9e-05-0.05-0.05-10,(torneo uniforme truncamiento),24,0.7153 (268 0.9955 0.9567 0.7139 0.4960),0.0033,5.95 min
100-80-9e-05-0.05-0.05-20,(torneo uniforme elitismo),16,0.7119 (259 0.9967 0.9482 0.7148 0.4933),0.0046,6.07 min
100-80-9e-05-0.05-0.05-20,(torneo uniforme reemplazo),18,0.7149 (264 0.9970 0.9525 0.7118 0.5043),0.0034,2.98 min
100-80-9e-05-0.05-0.05-20,(torneo uniforme truncamiento),15,0.7093 (266 0.9974 0.9472 0.7126 0.4850),0.0057,5.91 min
100-80-9e-05-0.05-0.05-50,(torneo uniforme elitismo),12,0.7090 (258 0.9979 0.9441 0.7144 0.4850),0.0043,5.87 min
100-80-9e-05-0.05-0.05-50,(torneo uniforme reemplazo),10,0.7042 (276 0.9981 0.9410 0.7132 0.4837),0.0023,2.99 min
100-80-9e-05-0.05-0.05-50,(torneo uniforme truncamiento),9,0.7041 (267 0.9974 0.9398 0.7116 0.4793),0.0043,5.80 min
300-100-9e-05-0.0005-0.0005-10,(torneo uniforme elitismo),52,0.7506 (188 0.9998 0.9721 0.7254 0.5518),0.0054,22.30 min
300-100-9e-05-0.0005-0.0005-10,(torneo uniforme reemplazo),68,0.7593 (171 0.9998 0.9744 0.7320 0.5764),0.0029,11.19 min
300-100-9e-05-0.0005-0.0005-10,(torneo uniforme truncamiento),46,0.7407 (209 0.9999 0.9726 0.7219 0.5198),0.0080,22.13 min
300-100-9e-05-0.0005-0.0005-20,(torneo uniforme elitismo),34,0.7365 (217 0.9998 0.9665 0.7175 0.5219),0.0019,22.27 min
300-100-9e-05-0.0005-0.0005-20,(torneo uniforme reemplazo),38,0.7379 (221 0.9999 0.9696 0.7209 0.5250),0.0058,11.11 min
300-100-9e-05-0.0005-0.0005-20,(torneo uniforme truncamiento),28,0.7330 (227 0.9999 0.9654 0.7203 0.5121),0.0033,22.15 min
300-100-9e-05-0.0005-0.0005-50,(torneo uniforme elitismo),37,0.7257 (236 0.9998 0.9610 0.7135 0.4999),0.0028,22.30 min
300-100-9e-05-0.0005-0.0005-50,(torneo uniforme reemplazo),32,0.7188 (250 0.9998 0.9572 0.7175 0.4951),0.0029,11.05 min
300-100-9e-05-0.0005-0.0005-50,(torneo uniforme truncamiento),27,0.7249 (246 0.9998 0.9603 0.7144 0.5107),0.0039,21.66 min
300-100-9e-05-0.0005-0.005-10,(torneo uniforme elitismo),53,0.7503 (194 0.9998 0.9744 0.7246 0.5524),0.0060,22.31 min
300-100-9e-05-0.0005-0.005-10,(torneo uniforme reemplazo),59,0.7566 (180 0.9997 0.9741 0.7277 0.5728),0.0046,11.20 min
300-100-9e-05-0.0005-0.005-10,(torneo uniforme truncamiento),46,0.7422 (209 0.9999 0.9709 0.7250 0.5283),0.0040,22.13 min
300-100-9e-05-0.0005-0.005-20,(torneo uniforme elitismo),32,0.7364 (213 0.9998 0.9676 0.7169 0.5165),0.0065,22.21 min
300-100-9e-05-0.0005-0.005-20,(torneo uniforme reemplazo),35,0.7371 (215 0.9998 0.9691 0.7172 0.5178),0.0057,11.11 min
300-100-9e-05-0.0005-0.005-20,(torneo uniforme truncamiento),32,0.7312 (225 0.9999 0.9643 0.7190 0.5124),0.0023,22.07 min
300-100-9e-05-0.0005-0.005-50,(torneo uniforme elitismo),22,0.7266 (233 0.9999 0.9603 0.7110 0.5084),0.0033,21.95 min
300-100-9e-05-0.0005-0.005-50,(torneo uniforme reemplazo),21,0.7243 (238 0.9998 0.9583 0.7155 0.4983),0.0036,11.07 min
300-100-9e-05-0.0005-0.005-50,(torneo uniforme truncamiento),34,0.7248 (243 0.9997 0.9623 0.7149 0.5036),0.0034,21.91 min
300-100-9e-05-0.0005-0.05-10,(torneo uniforme elitismo),54,0.7517 (186 0.9998 0.9704 0.7277 0.5604),0.0065,22.30 min
300-100-9e-05-0.0005-0.05-10,(torneo uniforme reemplazo),53,0.7512 (186 0.9996 0.9696 0.7290 0.5605),0.0027,11.36 min
300-100-9e-05-0.0005-0.05-10,(torneo uniforme truncamiento),47,0.7411 (210 0.9996 0.9690 0.7174 0.5355),0.0049,22.30 min
300-100-9e-05-0.0005-0.05-20,(torneo uniforme elitismo),28,0.7340 (223 1.0000 0.9652 0.7156 0.5237),0.0040,21.95 min
300-100-9e-05-0.0005-0.05-20,(torneo uniforme reemplazo),32,0.7358 (224 0.9998 0.9683 0.7172 0.5250),0.0033,10.93 min
300-100-9e-05-0.0005-0.05-20,(torneo uniforme truncamiento),28,0.7267 (228 0.9999 0.9599 0.7132 0.4995),0.0028,22.04 min
300-100-9e-05-0.0005-0.05-50,(torneo uniforme elitismo),17,0.7214 (233 0.9996 0.9532 0.7093 0.5035),0.0048,21.90 min
300-100-9e-05-0.0005-0.05-50,(torneo uniforme reemplazo),20,0.7211 (245 0.9999 0.9561 0.7110 0.5068),0.0047,10.84 min
300-100-9e-05-0.0005-0.05-50,(torneo uniforme truncamiento),17,0.7226 (242 0.9999 0.9552 0.7152 0.5091),0.0031,22.18 min
300-100-9e-05-0.005-0.0005-10,(torneo uniforme elitismo),50,0.7478 (206 0.9978 0.9741 0.7225 0.5498),0.0036,22.24 min
300-100-9e-05-0.005-0.0005-10,(torneo uniforme reemplazo),58,0.7545 (190 0.9969 0.9750 0.7276 0.5703),0.0026,11.21 min
300-100-9e-05-0.005-0.0005-10,(torneo uniforme truncamiento),44,0.7379 (214 0.9967 0.9686 0.7214 0.5251),0.0033,22.38 min
300-100-9e-05-0.005-0.0005-20,(torneo uniforme elitismo),30,0.7320 (229 0.9984 0.9644 0.7182 0.5157),0.0041,22.19 min
300-100-9e-05-0.005-0.0005-20,(torneo uniforme reemplazo),32,0.7379 (224 0.9983 0.9699 0.7182 0.5311),0.0071,11.08 min
300-100-9e-05-0.005-0.0005-20,(torneo uniforme truncamiento),26,0.7280 (233 0.9979 0.9616 0.7201 0.5135),0.0058,22.11 min
300-100-9e-05-0.005-0.0005-50,(torneo uniforme elitismo),17,0.7213 (249 0.9990 0.9570 0.7162 0.5032),0.0035,21.60 min
300-100-9e-05-0.005-0.0005-50,(torneo uniforme reemplazo),19,0.7275 (243 0.9992 0.9636 0.7115 0.5103),0.0037,11.00 min
300-100-9e-05-0.005-0.0005-50,(torneo uniforme truncamiento),18,0.7236 (244 0.9984 0.9597 0.7152 0.5039),0.0055,21.73 min
300-100-9e-05-0.005-0.005-10,(torneo uniforme elitismo),49,0.7446 (205 0.9975 0.9717 0.7253 0.5395),0.0076,22.38 min
300-100-9e-05-0.005-0.005-10,(torneo uniforme reemplazo),55,0.7514 (196 0.9975 0.9713 0.7261 0.5697),0.0038,11.15 min
300-100-9e-05-0.005-0.005-10,(torneo uniforme truncamiento),39,0.7330 (232 0.9980 0.9667 0.7179 0.5244),0.0023,22.25 min
300-100-9e-05-0.005-0.005-20,(torneo uniforme elitismo),27,0.7324 (232 0.9984 0.9660 0.7188 0.5163),0.0024,22.15 min
300-100-9e-05-0.005-0.005-20,(torneo uniforme reemplazo),33,0.7391 (225 0.9979 0.9696 0.7208 0.5406),0.0035,10.97 min
300-100-9e-05-0.005-0.005-20,(torneo uniforme truncamiento),24,0.7239 (252 0.9981 0.9629 0.7152 0.5063),0.0039,21.95 min
300-100-9e-05-0.005-0.005-50,(torneo uniforme elitismo),17,0.7226 (243 0.9992 0.9569 0.7137 0.5062),0.0020,21.92 min
300-100-9e-05-0.005-0.005-50,(torneo uniforme reemplazo),18,0.7259 (241 0.9994 0.9620 0.7163 0.5028),0.0017,11.00 min
300-100-9e-05-0.005-0.005-50,(torneo uniforme truncamiento),19,0.7216 (251 0.9985 0.9583 0.7188 0.4984),0.0020,21.81 min
300-100-9e-05-0.005-0.05-10,(torneo uniforme elitismo),51,0.7463 (198 0.9981 0.9661 0.7243 0.5570),0.0025,22.19 min
300-100-9e-05-0.005-0.05-10,(torneo uniforme reemplazo),54,0.7505 (187 0.9975 0.9695 0.7287 0.5596),0.0055,11.16 min
300-100-9e-05-0.005-0.05-10,(torneo uniforme truncamiento),37,0.7349 (224 0.9981 0.9637 0.7197 0.5345),0.0032,22.20 min
300-100-9e-05-0.005-0.05-20,(torneo uniforme elitismo),29,0.7313 (225 0.9983 0.9619 0.7179 0.5191),0.0016,22.32 min
300-100-9e-05-0.005-0.05-20,(torneo uniforme reemplazo),29,0.7342 (224 0.9985 0.9660 0.7192 0.5209),0.0043,11.12 min
300-100-9e-05-0.005-0.05-20,(torneo uniforme truncamiento),26,0.7277 (240 0.9988 0.9631 0.7143 0.5106),0.0048,21.79 min
300-100-9e-05-0.005-0.05-50,(torneo uniforme elitismo),18,0.7218 (241 0.9989 0.9557 0.7127 0.5068),0.0053,21.73 min
300-100-9e-05-0.005-0.05-50,(torneo uniforme reemplazo),16,0.7244 (242 0.9992 0.9586 0.7145 0.5037),0.0055,10.83 min
300-100-9e-05-0.005-0.05-50,(torneo uniforme truncamiento),15,0.7196 (249 0.9989 0.9553 0.7112 0.5051),0.0016,21.83 min
300-100-9e-05-0.05-0.0005-10,(torneo uniforme elitismo),39,0.7274 (255 0.9845 0.9597 0.7224 0.5452),0.0051,22.18 min
300-100-9e-05-0.05-0.0005-10,(torneo uniforme reemplazo),39,0.7290 (234 0.9866 0.9535 0.7224 0.5513),0.0047,11.37 min
300-100-9e-05-0.05-0.0005-10,(torneo uniforme truncamiento),31,0.7199 (261 0.9877 0.9541 0.7196 0.5288),0.0018,22.24 min
300-100-9e-05-0.05-0.0005-20,(torneo uniforme elitismo),22,0.7210 (271 0.9895 0.9620 0.7170 0.5160),0.0034,22.20 min
300-100-9e-05-0.05-0.0005-20,(torneo uniforme reemplazo),22,0.7212 (256 0.9914 0.9558 0.7190 0.5186),0.0051,11.08 min
300-100-9e-05-0.05-0.0005-20,(torneo uniforme truncamiento),18,0.7157 (270 0.9925 0.9531 0.7193 0.5155),0.0043,22.16 min
300-100-9e-05-0.05-0.0005-50,(torneo uniforme elitismo),13,0.7099 (274 0.9933 0.9494 0.7172 0.4972),0.0037,21.80 min
300-100-9e-05-0.05-0.0005-50,(torneo uniforme reemplazo),15,0.7124 (279 0.9896 0.9544 0.7112 0.5068),0.0044,11.03 min
300-100-9e-05-0.05-0.0005-50,(torneo uniforme truncamiento),13,0.7117 (274 0.9922 0.9501 0.7171 0.4998),0.0058,21.80 min
300-100-9e-05-0.05-0.005-10,(torneo uniforme elitismo),33,0.7276 (242 0.9900 0.9566 0.7226 0.5411),0.0025,22.44 min
300-100-9e-05-0.05-0.005-10,(torneo uniforme reemplazo),41,0.7278 (252 0.9851 0.9581 0.7245 0.5489),0.0064,11.13 min
300-100-9e-05-0.05-0.005-10,(torneo uniforme truncamiento),35,0.7199 (272 0.9867 0.9590 0.7186 0.5273),0.0029,22.27 min
300-100-9e-05-0.05-0.005-20,(torneo uniforme elitismo),22,0.7171 (264 0.9907 0.9542 0.7191 0.5147),0.0031,21.89 min
300-100-9e-05-0.05-0.005-20,(torneo uniforme reemplazo),26,0.7238 (254 0.9890 0.9569 0.7234 0.5277),0.0031,11.03 min
300-100-9e-05-0.05-0.005-20,(torneo uniforme truncamiento),20,0.7139 (276 0.9910 0.9545 0.7154 0.5049),0.0058,22.65 min
300-100-9e-05-0.05-0.005-50,(torneo uniforme elitismo),12,0.7139 (269 0.9947 0.9523 0.7131 0.5002),0.0039,21.87 min
300-100-9e-05-0.05-0.005-50,(torneo uniforme reemplazo),15,0.7127 (265 0.9922 0.9539 0.7199 0.4885),0.0017,10.96 min
300-100-9e-05-0.05-0.005-50,(torneo uniforme truncamiento),14,0.7118 (275 0.9924 0.9526 0.7159 0.4968),0.0043,21.77 min
300-100-9e-05-0.05-0.05-10,(torneo uniforme elitismo),36,0.7245 (249 0.9864 0.9570 0.7208 0.5319),0.0042,22.18 min
300-100-9e-05-0.05-0.05-10,(torneo uniforme reemplazo),38,0.7311 (232 0.9906 0.9547 0.7271 0.5527),0.0045,11.17 min
300-100-9e-05-0.05-0.05-10,(torneo uniforme truncamiento),22,0.7146 (258 0.9926 0.9475 0.7175 0.5055),0.0030,22.27 min
300-100-9e-05-0.05-0.05-20,(torneo uniforme elitismo),21,0.7147 (273 0.9902 0.9558 0.7144 0.5093),0.0045,21.91 min
300-100-9e-05-0.05-0.05-20,(torneo uniforme reemplazo),22,0.7190 (252 0.9907 0.9526 0.7165 0.5177),0.0053,11.08 min
300-100-9e-05-0.05-0.05-20,(torneo uniforme truncamiento),19,0.7145 (270 0.9915 0.9514 0.7199 0.5080),0.0019,21.90 min
300-100-9e-05-0.05-0.05-50,(torneo uniforme elitismo),11,0.7132 (253 0.9951 0.9469 0.7173 0.4975),0.0050,21.86 min
300-100-9e-05-0.05-0.05-50,(torneo uniforme reemplazo),18,0.7153 (276 0.9904 0.9576 0.7087 0.5091),0.0035,10.92 min
300-100-9e-05-0.05-0.05-50,(torneo uniforme truncamiento),11,0.7106 (268 0.9944 0.9491 0.7139 0.4968),0.0022,21.72 min
300-50-9e-05-0.0005-0.0005-10,(torneo uniforme elitismo),49,0.7486 (195 0.9998 0.9709 0.7223 0.5563),0.0040,11.35 min
300-50-9e-05-0.0005-0.0005-10,(torneo uniforme reemplazo),50,0.7548 (172 0.9998 0.9697 0.7264 0.5648),0.0030,5.73 min
300-50-9e-05-0.0005-0.0005-10,(torneo uniforme truncamiento),41,0.7361 (233 0.9999 0.9710 0.7207 0.5257),0.0038,11.27 min
300-50-9e-05-0.0005-0.0005-20,(torneo uniforme elitismo),33,0.7347 (219 0.9998 0.9654 0.7240 0.5158),0.0055,11.13 min
300-50-9e-05-0.0005-0.0005-20,(torneo uniforme reemplazo),35,0.7419 (213 0.9998 0.9702 0.7191 0.5397),0.0018,5.63 min
300-50-9e-05-0.0005-0.0005-20,(torneo uniforme truncamiento),32,0.7338 (223 0.9997 0.9699 0.7190 0.5027),0.0037,11.15 min
300-50-9e-05-0.0005-0.0005-50,(torneo uniforme elitismo),19,0.7258 (237 0.9998 0.9596 0.7140 0.5036),0.0024,11.17 min
300-50-9e-05-0.0005-0.0005-50,(torneo uniforme reemplazo),20,0.7262 (237 0.9997 0.9589 0.7156 0.5110),0.0073,5.52 min
300-50-9e-05-0.0005-0.0005-50,(torneo uniforme truncamiento),19,0.7239 (239 1.0000 0.9580 0.7139 0.5015),0.0042,10.91 min
300-50-9e-05-0.0005-0.005-10,(torneo uniforme elitismo),50,0.7465 (197 0.9997 0.9725 0.7272 0.5394),0.0028,11.27 min
300-50-9e-05-0.0005-0.005-10,(torneo uniforme reemplazo),50,0.7553 (175 1.0000 0.9709 0.7279 0.5706),0.0019,5.75 min
300-50-9e-05-0.0005-0.005-10,(torneo uniforme truncamiento),42,0.7393 (213 0.9999 0.9700 0.7183 0.5238),0.0062,11.10 min
300-50-9e-05-0.0005-0.005-20,(torneo uniforme elitismo),32,0.7347 (217 0.9999 0.9679 0.7181 0.5057),0.0071,11.32 min
300-50-9e-05-0.0005-0.005-20,(torneo uniforme reemplazo),38,0.7389 (213 0.9998 0.9676 0.7218 0.5265),0.0064,5.66 min
300-50-9e-05-0.0005-0.005-20,(torneo uniforme truncamiento),29,0.7288 (236 0.9999 0.9639 0.7135 0.5138),0.0059,11.13 min
300-50-9e-05-0.0005-0.005-50,(torneo uniforme elitismo),19,0.7219 (240 0.9998 0.9552 0.7159 0.5018),0.0034,10.97 min
300-50-9e-05-0.0005-0.005-50,(torneo uniforme reemplazo),20,0.7285 (229 0.9999 0.9623 0.7143 0.5112),0.0045,5.56 min
300-50-9e-05-0.0005-0.005-50,(torneo uniforme truncamiento),21,0.7290 (235 0.9999 0.9643 0.7139 0.5091),0.0033,11.13 min
300-50-9e-05-0.0005-0.05-10,(torneo uniforme elitismo),50,0.7476 (193 0.9998 0.9702 0.7265 0.5510),0.0023,11.24 min
300-50-9e-05-0.0005-0.05-10,(torneo uniforme reemplazo),49,0.7506 (188 0.9996 0.9672 0.7246 0.5729),0.0036,5.65 min
300-50-9e-05-0.0005-0.05-10,(torneo uniforme truncamiento),37,0.7310 (229 0.9999 0.9619 0.7204 0.5210),0.0061,11.12 min
300-50-9e-05-0.0005-0.05-20,(torneo uniforme elitismo),29,0.7314 (224 0.9999 0.9624 0.7183 0.5234),0.0085,11.06 min
300-50-9e-05-0.0005-0.05-20,(torneo uniforme reemplazo),31,0.7352 (222 0.9998 0.9659 0.7242 0.5278),0.0050,5.55 min
300-50-9e-05-0.0005-0.05-20,(torneo uniforme truncamiento),24,0.7255 (231 0.9999 0.9584 0.7148 0.5067),0.0100,11.07 min
300-50-9e-05-0.0005-0.05-50,(torneo uniforme elitismo),18,0.7229 (243 0.9997 0.9591 0.7140 0.4967),0.0024,11.05 min
300-50-9e-05-0.0005-0.05-50,(torneo uniforme reemplazo),16,0.7194 (241 0.9998 0.9537 0.7180 0.4936),0.0081,5.50 min
300-50-9e-05-0.0005-0.05-50,(torneo uniforme truncamiento),18,0.7200 (243 0.9998 0.9554 0.7121 0.4950),0.0060,10.99 min
300-50-9e-05-0.005-0.0005-10,(torneo uniforme elitismo),47,0.7446 (213 0.9978 0.9738 0.7238 0.5378),0.0051,11.30 min
300-50-9e-05-0.005-0.0005-10,(torneo uniforme reemplazo),50,0.7526 (182 0.9983 0.9683 0.7308 0.5676),0.0033,5.75 min
300-50-9e-05-0.005-0.0005-10,(torneo uniforme truncamiento),41,0.7360 (226 0.9974 0.9692 0.7181 0.5249),0.0014,11.32 min
300-50-9e-05-0.005-0.0005-20,(torneo uniforme elitismo),30,0.7310 (241 0.9980 0.9675 0.7155 0.5199),0.0042,11.05 min
300-50-9e-05-0.005-0.0005-20,(torneo uniforme reemplazo),31,0.7351 (225 0.9987 0.9675 0.7164 0.5268),0.0071,5.58 min
300-50-9e-05-0.005-0.0005-20,(torneo uniforme truncamiento),23,0.7262 (235 0.9985 0.9626 0.7115 0.5008),0.0057,11.11 min
300-50-9e-05-0.005-0.0005-50,(torneo uniforme elitismo),17,0.7205 (242 0.9991 0.9564 0.7131 0.4939),0.0031,11.03 min
300-50-9e-05-0.005-0.0005-50,(torneo uniforme reemplazo),17,0.7234 (237 0.9989 0.9567 0.7199 0.4997),0.0044,5.50 min
300-50-9e-05-0.005-0.0005-50,(torneo uniforme truncamiento),17,0.7218 (255 0.9988 0.9613 0.7129 0.4987),0.0039,10.95 min
300-50-9e-05-0.005-0.005-10,(torneo uniforme elitismo),47,0.7432 (209 0.9973 0.9712 0.7245 0.5394),0.0087,11.20 min
300-50-9e-05-0.005-0.005-10,(torneo uniforme reemplazo),50,0.7500 (191 0.9978 0.9713 0.7275 0.5598),0.0025,5.70 min
300-50-9e-05-0.005-0.005-10,(torneo uniforme truncamiento),43,0.7381 (220 0.9980 0.9702 0.7205 0.5275),0.0059,11.23 min
300-50-9e-05-0.005-0.005-20,(torneo uniforme elitismo),25,0.7264 (237 0.9988 0.9636 0.7135 0.5059),0.0087,11.04 min
300-50-9e-05-0.005-0.005-20,(torneo uniforme reemplazo),35,0.7421 (215 0.9982 0.9707 0.7170 0.5439),0.0035,5.64 min
300-50-9e-05-0.005-0.005-20,(torneo uniforme truncamiento),31,0.7343 (226 0.9976 0.9657 0.7203 0.5240),0.0038,11.30 min
300-50-9e-05-0.005-0.005-50,(torneo uniforme elitismo),17,0.7194 (259 0.9981 0.9591 0.7107 0.5051),0.0054,11.03 min
300-50-9e-05-0.005-0.005-50,(torneo uniforme reemplazo),19,0.7254 (244 0.9989 0.9620 0.7216 0.4995),0.0018,5.50 min
300-50-9e-05-0.005-0.005-50,(torneo uniforme truncamiento),19,0.7243 (237 0.9988 0.9592 0.7177 0.4951),0.0041,11.00 min
300-50-9e-05-0.005-0.05-10,(torneo uniforme elitismo),46,0.7441 (205 0.9976 0.9683 0.7236 0.5469),0.0062,11.19 min
300-50-9e-05-0.005-0.05-10,(torneo uniforme reemplazo),48,0.7462 (189 0.9979 0.9652 0.7246 0.5505),0.0027,5.67 min
300-50-9e-05-0.005-0.05-10,(torneo uniforme truncamiento),38,0.7323 (230 0.9981 0.9624 0.7192 0.5289),0.0012,11.19 min
300-50-9e-05-0.005-0.05-20,(torneo uniforme elitismo),25,0.7303 (230 0.9984 0.9616 0.7144 0.5229),0.0070,11.02 min
300-50-9e-05-0.005-0.05-20,(torneo uniforme reemplazo),33,0.7381 (211 0.9987 0.9659 0.7216 0.5279),0.0066,5.60 min
300-50-9e-05-0.005-0.05-20,(torneo uniforme truncamiento),26,0.7271 (239 0.9986 0.9609 0.7163 0.5170),0.0035,11.16 min
300-50-9e-05-0.005-0.05-50,(torneo uniforme elitismo),16,0.7209 (245 0.9989 0.9563 0.7166 0.5043),0.0056,11.00 min
300-50-9e-05-0.005-0.05-50,(torneo uniforme reemplazo),17,0.7220 (256 0.9988 0.9606 0.7160 0.5083),0.0060,5.49 min
300-50-9e-05-0.005-0.05-50,(torneo uniforme truncamiento),17,0.7216 (249 0.9988 0.9577 0.7180 0.4959),0.0017,10.90 min
300-50-9e-05-0.05-0.0005-10,(torneo uniforme elitismo),30,0.7228 (244 0.9893 0.9550 0.7163 0.5259),0.0062,11.09 min
300-50-9e-05-0.05-0.0005-10,(torneo uniforme reemplazo),36,0.7299 (238 0.9891 0.9562 0.7249 0.5435),0.0042,5.76 min
300-50-9e-05-0.05-0.0005-10,(torneo uniforme truncamiento),30,0.7178 (266 0.9888 0.9566 0.7158 0.5136),0.0053,11.15 min
300-50-9e-05-0.05-0.0005-20,(torneo uniforme elitismo),20,0.7200 (252 0.9921 0.9543 0.7181 0.5196),0.0038,11.23 min
300-50-9e-05-0.05-0.0005-20,(torneo uniforme reemplazo),24,0.7204 (264 0.9891 0.9586 0.7182 0.5191),0.0041,5.62 min
300-50-9e-05-0.05-0.0005-20,(torneo uniforme truncamiento),18,0.7191 (257 0.9924 0.9545 0.7194 0.5110),0.0036,11.24 min
300-50-9e-05-0.05-0.0005-50,(torneo uniforme elitismo),14,0.7135 (273 0.9929 0.9539 0.7169 0.5012),0.0025,10.92 min
300-50-9e-05-0.05-0.0005-50,(torneo uniforme reemplazo),14,0.7143 (275 0.9929 0.9554 0.7125 0.5040),0.0044,5.48 min
300-50-9e-05-0.05-0.0005-50,(torneo uniforme truncamiento),14,0.7109 (283 0.9929 0.9529 0.7141 0.5025),0.0046,11.08 min
300-50-9e-05-0.05-0.005-10,(torneo uniforme elitismo),33,0.7266 (235 0.9884 0.9525 0.7260 0.5378),0.0044,11.25 min
300-50-9e-05-0.05-0.005-10,(torneo uniforme reemplazo),40,0.7311 (234 0.9855 0.9581 0.7246 0.5502),0.0035,5.71 min
300-50-9e-05-0.05-0.005-10,(torneo uniforme truncamiento),29,0.7188 (263 0.9883 0.9557 0.7202 0.5171),0.0038,11.16 min
300-50-9e-05-0.05-0.005-20,(torneo uniforme elitismo),20,0.7198 (247 0.9908 0.9524 0.7196 0.5115),0.0043,11.10 min
300-50-9e-05-0.05-0.005-20,(torneo uniforme reemplazo),25,0.7229 (259 0.9899 0.9586 0.7226 0.5271),0.0020,5.53 min
300-50-9e-05-0.05-0.005-20,(torneo uniforme truncamiento),17,0.7135 (269 0.9920 0.9506 0.7162 0.5079),0.0046,11.18 min
300-50-9e-05-0.05-0.005-50,(torneo uniforme elitismo),15,0.7125 (271 0.9915 0.9545 0.7180 0.4924),0.0041,10.99 min
300-50-9e-05-0.05-0.005-50,(torneo uniforme reemplazo),15,0.7137 (285 0.9926 0.9579 0.7157 0.5051),0.0040,5.44 min
300-50-9e-05-0.05-0.005-50,(torneo uniforme truncamiento),13,0.7102 (282 0.9917 0.9527 0.7126 0.5037),0.0024,11.12 min
300-50-9e-05-0.05-0.05-10,(torneo uniforme elitismo),34,0.7251 (243 0.9893 0.9533 0.7227 0.5338),0.0068,11.30 min
300-50-9e-05-0.05-0.05-10,(torneo uniforme reemplazo),36,0.7309 (217 0.9913 0.9519 0.7208 0.5488),0.0036,5.69 min
300-50-9e-05-0.05-0.05-10,(torneo uniforme truncamiento),30,0.7188 (274 0.9888 0.9563 0.7218 0.5279),0.0039,11.11 min
300-50-9e-05-0.05-0.05-20,(torneo uniforme elitismo),21,0.7137 (273 0.9901 0.9540 0.7162 0.5058),0.0058,10.96 min
300-50-9e-05-0.05-0.05-20,(torneo uniforme reemplazo),22,0.7200 (253 0.9898 0.9551 0.7159 0.5153),0.0025,5.51 min
300-50-9e-05-0.05-0.05-20,(torneo uniforme truncamiento),21,0.7175 (266 0.9902 0.9564 0.7156 0.5118),0.0045,11.08 min
300-50-9e-05-0.05-0.05-50,(torneo uniforme elitismo),14,0.7124 (263 0.9921 0.9502 0.7198 0.4951),0.0032,10.95 min
300-50-9e-05-0.05-0.05-50,(torneo uniforme reemplazo),12,0.7121 (275 0.9927 0.9516 0.7155 0.5005),0.0041,5.53 min
300-50-9e-05-0.05-0.05-50,(torneo uniforme truncamiento),13,0.7123 (274 0.9938 0.9534 0.7146 0.4967),0.0042,10.97 min
300-80-9e-05-0.0005-0.0005-10,(torneo uniforme elitismo),56,0.7489 (192 0.9997 0.9741 0.7257 0.5399),0.0035,17.75 min
300-80-9e-05-0.0005-0.0005-10,(torneo uniforme reemplazo),60,0.7561 (183 0.9999 0.9747 0.7287 0.5703),0.0024,9.06 min
300-80-9e-05-0.0005-0.0005-10,(torneo uniforme truncamiento),40,0.7353 (221 0.9996 0.9670 0.7199 0.5212),0.0067,17.74 min
300-80-9e-05-0.0005-0.0005-20,(torneo uniforme elitismo),30,0.7360 (224 0.9998 0.9693 0.7187 0.5154),0.0040,17.54 min
300-80-9e-05-0.0005-0.0005-20,(torneo uniforme reemplazo),34,0.7426 (205 0.9999 0.9704 0.7203 0.5332),0.0031,8.92 min
300-80-9e-05-0.0005-0.0005-20,(torneo uniforme truncamiento),30,0.7349 (221 0.9999 0.9673 0.7196 0.5159),0.0041,17.76 min
300-80-9e-05-0.0005-0.0005-50,(torneo uniforme elitismo),21,0.7247 (238 0.9999 0.9583 0.7180 0.5044),0.0048,17.65 min
300-80-9e-05-0.0005-0.0005-50,(torneo uniforme reemplazo),19,0.7240 (241 0.9999 0.9595 0.7191 0.5028),0.0045,8.81 min
300-80-9e-05-0.0005-0.0005-50,(torneo uniforme truncamiento),18,0.7276 (239 1.0000 0.9599 0.7174 0.5128),0.0039,17.44 min
300-80-9e-05-0.0005-0.005-10,(torneo uniforme elitismo),49,0.7474 (199 0.9998 0.9710 0.7251 0.5544),0.0079,18.05 min
300-80-9e-05-0.0005-0.005-10,(torneo uniforme reemplazo),63,0.7568 (176 0.9997 0.9745 0.7347 0.5645),0.0019,9.01 min
300-80-9e-05-0.0005-0.005-10,(torneo uniforme truncamiento),39,0.7357 (227 0.9995 0.9688 0.7143 0.5270),0.0066,17.68 min
300-80-9e-05-0.0005-0.005-20,(torneo uniforme elitismo),37,0.7319 (229 0.9997 0.9682 0.7189 0.5057),0.0050,17.71 min
300-80-9e-05-0.0005-0.005-20,(torneo uniforme reemplazo),33,0.7356 (220 0.9997 0.9688 0.7199 0.5126),0.0065,8.96 min
300-80-9e-05-0.0005-0.005-20,(torneo uniforme truncamiento),24,0.7281 (229 0.9997 0.9612 0.7138 0.5091),0.0065,17.65 min
300-80-9e-05-0.0005-0.005-50,(torneo uniforme elitismo),18,0.7229 (243 0.9999 0.9580 0.7079 0.5102),0.0023,17.71 min
300-80-9e-05-0.0005-0.005-50,(torneo uniforme reemplazo),30,0.7238 (240 0.9999 0.9598 0.7140 0.4992),0.0044,8.85 min
300-80-9e-05-0.0005-0.005-50,(torneo uniforme truncamiento),29,0.7234 (238 0.9999 0.9597 0.7101 0.4994),0.0049,17.71 min
300-80-9e-05-0.0005-0.05-10,(torneo uniforme elitismo),45,0.7424 (205 0.9999 0.9689 0.7232 0.5312),0.0094,17.98 min
300-80-9e-05-0.0005-0.05-10,(torneo uniforme reemplazo),56,0.7530 (178 0.9997 0.9696 0.7292 0.5616),0.0022,9.13 min
300-80-9e-05-0.0005-0.05-10,(torneo uniforme truncamiento),42,0.7349 (221 0.9998 0.9658 0.7168 0.5253),0.0023,17.66 min
300-80-9e-05-0.0005-0.05-20,(torneo uniforme elitismo),29,0.7326 (223 0.9999 0.9634 0.7185 0.5233),0.0038,17.66 min
300-80-9e-05-0.0005-0.05-20,(torneo uniforme reemplazo),35,0.7407 (211 0.9997 0.9688 0.7196 0.5346),0.0037,8.89 min
300-80-9e-05-0.0005-0.05-20,(torneo uniforme truncamiento),27,0.7265 (234 0.9996 0.9600 0.7161 0.5087),0.0060,17.61 min
300-80-9e-05-0.0005-0.05-50,(torneo uniforme elitismo),18,0.7239 (241 0.9997 0.9571 0.7190 0.5078),0.0065,17.47 min
300-80-9e-05-0.0005-0.05-50,(torneo uniforme reemplazo),18,0.7228 (243 0.9999 0.9574 0.7191 0.5000),0.0048,8.77 min
300-80-9e-05-0.0005-0.05-50,(torneo uniforme truncamiento),17,0.7210 (244 0.9999 0.9582 0.7127 0.4949),0.0038,17.62 min
300-80-9e-05-0.005-0.0005-10,(torneo uniforme elitismo),50,0.7454 (202 0.9971 0.9710 0.7235 0.5483),0.0094,17.89 min
300-80-9e-05-0.005-0.0005-10,(torneo uniforme reemplazo),59,0.7535 (184 0.9970 0.9730 0.7268 0.5676),0.0043,8.98 min
300-80-9e-05-0.005-0.0005-10,(torneo uniforme truncamiento),43,0.7368 (222 0.9978 0.9697 0.7227 0.5217),0.0028,18.09 min
300-80-9e-05-0.005-0.0005-20,(torneo uniforme elitismo),29,0.7337 (224 0.9987 0.9656 0.7154 0.5283),0.0074,17.68 min
300-80-9e-05-0.005-0.0005-20,(torneo uniforme reemplazo),31,0.7361 (227 0.9975 0.9675 0.7190 0.5343),0.0064,9.07 min
300-80-9e-05-0.005-0.0005-20,(torneo uniforme truncamiento),25,0.7267 (240 0.9984 0.9633 0.7155 0.5042),0.0039,17.40 min
300-80-9e-05-0.005-0.0005-50,(torneo uniforme elitismo),18,0.7228 (246 0.9990 0.9605 0.7149 0.5010),0.0062,17.29 min
300-80-9e-05-0.005-0.0005-50,(torneo uniforme reemplazo),17,0.7246 (236 0.9990 0.9597 0.7146 0.5025),0.0048,8.82 min
300-80-9e-05-0.005-0.0005-50,(torneo uniforme truncamiento),16,0.7192 (262 0.9989 0.9587 0.7162 0.4981),0.0020,17.66 min
300-80-9e-05-0.005-0.005-10,(torneo uniforme elitismo),50,0.7472 (202 0.9975 0.9715 0.7222 0.5513),0.0045,18.00 min
300-80-9e-05-0.005-0.005-10,(torneo uniforme reemplazo),59,0.7537 (184 0.9976 0.9740 0.7227 0.5651),0.0043,9.10 min
300-80-9e-05-0.005-0.005-10,(torneo uniforme truncamiento),41,0.7350 (231 0.9980 0.9700 0.7186 0.5249),0.0056,17.87 min
300-80-9e-05-0.005-0.005-20,(torneo uniforme elitismo),27,0.7297 (237 0.9982 0.9676 0.7197 0.5068),0.0042,17.54 min
300-80-9e-05-0.005-0.005-20,(torneo uniforme reemplazo),34,0.7389 (220 0.9984 0.9691 0.7212 0.5302),0.0023,8.97 min
300-80-9e-05-0.005-0.005-20,(torneo uniforme truncamiento),27,0.7287 (236 0.9981 0.9654 0.7175 0.5038),0.0025,17.77 min
300-80-9e-05-0.005-0.005-50,(torneo uniforme elitismo),18,0.7219 (248 0.9981 0.9577 0.7201 0.5029),0.0029,17.56 min
300-80-9e-05-0.005-0.005-50,(torneo uniforme reemplazo),18,0.7220 (251 0.9987 0.9600 0.7196 0.4990),0.0033,8.82 min
300-80-9e-05-0.005-0.005-50,(torneo uniforme truncamiento),17,0.7230 (242 0.9992 0.9584 0.7145 0.5053),0.0053,17.57 min
300-80-9e-05-0.005-0.05-10,(torneo uniforme elitismo),46,0.7411 (206 0.9982 0.9660 0.7216 0.5428),0.0054,17.75 min
300-80-9e-05-0.005-0.05-10,(torneo uniforme reemplazo),52,0.7481 (192 0.9976 0.9669 0.7259 0.5599),0.0031,9.04 min
300-80-9e-05-0.005-0.05-10,(torneo uniforme truncamiento),39,0.7327 (224 0.9980 0.9641 0.7191 0.5222),0.0053,17.82 min
300-80-9e-05-0.005-0.05-20,(torneo uniforme elitismo),24,0.7272 (232 0.9988 0.9605 0.7163 0.5062),0.0051,17.44 min
300-80-9e-05-0.005-0.05-20,(torneo uniforme reemplazo),29,0.7349 (216 0.9989 0.9644 0.7182 0.5211),0.0025,8.79 min
300-80-9e-05-0.005-0.05-20,(torneo uniforme truncamiento),26,0.7267 (236 0.9988 0.9607 0.7175 0.5069),0.0038,17.67 min
300-80-9e-05-0.005-0.05-50,(torneo uniforme elitismo),16,0.7193 (248 0.9989 0.9547 0.7162 0.4972),0.0042,17.54 min
300-80-9e-05-0.005-0.05-50,(torneo uniforme reemplazo),18,0.7232 (246 0.9989 0.9599 0.7140 0.5031),0.0030,8.68 min
300-80-9e-05-0.005-0.05-50,(torneo uniforme truncamiento),17,0.7207 (246 0.9987 0.9574 0.7151 0.4971),0.0009,17.56 min
300-80-9e-05-0.05-0.0005-10,(torneo uniforme elitismo),41,0.7281 (245 0.9856 0.9592 0.7279 0.5404),0.0060,17.86 min
300-80-9e-05-0.05-0.0005-10,(torneo uniforme reemplazo),43,0.7350 (232 0.9870 0.9595 0.7248 0.5646),0.0043,9.06 min
300-80-9e-05-0.05-0.0005-10,(torneo uniforme truncamiento),32,0.7210 (256 0.9878 0.9569 0.7188 0.5219),0.0061,17.79 min
300-80-9e-05-0.05-0.0005-20,(torneo uniforme elitismo),19,0.7178 (261 0.9921 0.9549 0.7190 0.5079),0.0035,17.78 min
300-80-9e-05-0.05-0.0005-20,(torneo uniforme reemplazo),23,0.7222 (267 0.9892 0.9575 0.7210 0.5347),0.0035,8.83 min
300-80-9e-05-0.05-0.0005-20,(torneo uniforme truncamiento),19,0.7162 (269 0.9920 0.9549 0.7187 0.5097),0.0045,17.92 min
300-80-9e-05-0.05-0.0005-50,(torneo uniforme elitismo),14,0.7125 (270 0.9917 0.9534 0.7142 0.4933),0.0029,17.36 min
300-80-9e-05-0.05-0.0005-50,(torneo uniforme reemplazo),14,0.7126 (272 0.9925 0.9540 0.7144 0.4970),0.0035,8.63 min
300-80-9e-05-0.05-0.0005-50,(torneo uniforme truncamiento),13,0.7119 (282 0.9912 0.9543 0.7127 0.5031),0.0029,17.37 min
300-80-9e-05-0.05-0.005-10,(torneo uniforme elitismo),34,0.7270 (243 0.9896 0.9555 0.7311 0.5362),0.0028,17.78 min
300-80-9e-05-0.05-0.005-10,(torneo uniforme reemplazo),43,0.7322 (237 0.9856 0.9592 0.7300 0.5574),0.0035,8.92 min
300-80-9e-05-0.05-0.005-10,(torneo uniforme truncamiento),33,0.7200 (269 0.9868 0.9584 0.7219 0.5240),0.0059,18.13 min
300-80-9e-05-0.05-0.005-20,(torneo uniforme elitismo),21,0.7154 (270 0.9910 0.9540 0.7180 0.5106),0.0064,17.59 min
300-80-9e-05-0.05-0.005-20,(torneo uniforme reemplazo),22,0.7238 (248 0.9914 0.9568 0.7205 0.5266),0.0035,8.87 min
300-80-9e-05-0.05-0.005-20,(torneo uniforme truncamiento),19,0.7125 (280 0.9912 0.9536 0.7168 0.5045),0.0061,17.82 min
300-80-9e-05-0.05-0.005-50,(torneo uniforme elitismo),14,0.7141 (269 0.9924 0.9558 0.7171 0.4997),0.0019,17.65 min
300-80-9e-05-0.05-0.005-50,(torneo uniforme reemplazo),16,0.7153 (275 0.9917 0.9567 0.7185 0.5070),0.0044,8.69 min
300-80-9e-05-0.05-0.005-50,(torneo uniforme truncamiento),13,0.7132 (271 0.9934 0.9543 0.7147 0.4940),0.0032,17.51 min
300-80-9e-05-0.05-0.05-10,(torneo uniforme elitismo),36,0.7279 (242 0.9873 0.9559 0.7199 0.5475),0.0027,18.01 min
300-80-9e-05-0.05-0.05-10,(torneo uniforme reemplazo),43,0.7286 (251 0.9857 0.9567 0.7282 0.5594),0.0030,8.98 min
300-80-9e-05-0.05-0.05-10,(torneo uniforme truncamiento),27,0.7132 (277 0.9889 0.9535 0.7138 0.5118),0.0058,17.62 min
300-80-9e-05-0.05-0.05-20,(torneo uniforme elitismo),19,0.7125 (266 0.9906 0.9510 0.7165 0.4962),0.0050,17.47 min
300-80-9e-05-0.05-0.05-20,(torneo uniforme reemplazo),25,0.7202 (266 0.9880 0.9593 0.7186 0.5179),0.0057,8.96 min
300-80-9e-05-0.05-0.05-20,(torneo uniforme truncamiento),20,0.7134 (262 0.9906 0.9490 0.7117 0.5107),0.0056,17.75 min
300-80-9e-05-0.05-0.05-50,(torneo uniforme elitismo),13,0.7133 (263 0.9936 0.9521 0.7110 0.4967),0.0048,17.46 min
300-80-9e-05-0.05-0.05-50,(torneo uniforme reemplazo),13,0.7139 (260 0.9937 0.9496 0.7170 0.4974),0.0040,8.73 min
300-80-9e-05-0.05-0.05-50,(torneo uniforme truncamiento),12,0.7124 (264 0.9936 0.9492 0.7153 0.4952),0.0045,17.60 min
500-100-9e-05-0.0005-0.0005-10,(torneo uniforme elitismo),72,0.7641 (161 0.9995 0.9775 0.7338 0.5816),0.0051,37.52 min
500-100-9e-05-0.0005-0.0005-10,(torneo uniforme reemplazo),79,0.7726 (141 0.9991 0.9769 0.7379 0.6098),0.0028,18.79 min
500-100-9e-05-0.0005-0.0005-10,(torneo uniforme truncamiento),61,0.7498 (192 0.9994 0.9724 0.7269 0.5545),0.0085,36.96 min
500-100-9e-05-0.0005-0.0005-20,(torneo uniforme elitismo),37,0.7424 (215 0.9993 0.9729 0.7200 0.5331),0.0029,36.76 min
500-100-9e-05-0.0005-0.0005-20,(torneo uniforme reemplazo),48,0.7553 (189 0.9999 0.9751 0.7278 0.5690),0.0031,18.54 min
500-100-9e-05-0.0005-0.0005-20,(torneo uniforme truncamiento),43,0.7385 (218 0.9997 0.9698 0.7135 0.5304),0.0038,36.68 min
500-100-9e-05-0.0005-0.0005-50,(torneo uniforme elitismo),22,0.7304 (232 0.9998 0.9667 0.7190 0.5030),0.0049,36.69 min
500-100-9e-05-0.0005-0.0005-50,(torneo uniforme reemplazo),25,0.7339 (227 0.9998 0.9687 0.7133 0.5165),0.0072,18.09 min
500-100-9e-05-0.0005-0.0005-50,(torneo uniforme truncamiento),21,0.7297 (231 0.9998 0.9633 0.7182 0.5083),0.0026,36.47 min
500-100-9e-05-0.0005-0.005-10,(torneo uniforme elitismo),70,0.7659 (155 0.9996 0.9776 0.7315 0.5847),0.0053,37.22 min
500-100-9e-05-0.0005-0.005-10,(torneo uniforme reemplazo),77,0.7722 (151 0.9994 0.9774 0.7387 0.6155),0.0018,18.66 min
500-100-9e-05-0.0005-0.005-10,(torneo uniforme truncamiento),53,0.7453 (197 0.9995 0.9718 0.7232 0.5329),0.0080,37.02 min
500-100-9e-05-0.0005-0.005-20,(torneo uniforme elitismo),38,0.7462 (202 0.9998 0.9722 0.7242 0.5387),0.0031,37.52 min
500-100-9e-05-0.0005-0.005-20,(torneo uniforme reemplazo),39,0.7499 (195 0.9994 0.9739 0.7280 0.5470),0.0054,18.27 min
500-100-9e-05-0.0005-0.005-20,(torneo uniforme truncamiento),35,0.7376 (217 0.9998 0.9706 0.7174 0.5184),0.0020,36.78 min
500-100-9e-05-0.0005-0.005-50,(torneo uniforme elitismo),21,0.7295 (238 0.9997 0.9648 0.7225 0.5119),0.0039,36.18 min
500-100-9e-05-0.0005-0.005-50,(torneo uniforme reemplazo),23,0.7316 (231 0.9995 0.9638 0.7126 0.5182),0.0038,18.33 min
500-100-9e-05-0.0005-0.005-50,(torneo uniforme truncamiento),20,0.7273 (235 0.9999 0.9599 0.7196 0.5105),0.0070,36.92 min
500-100-9e-05-0.0005-0.05-10,(torneo uniforme elitismo),64,0.7606 (167 0.9998 0.9703 0.7329 0.5920),0.0036,37.23 min
500-100-9e-05-0.0005-0.05-10,(torneo uniforme reemplazo),70,0.7658 (156 0.9997 0.9692 0.7298 0.6145),0.0015,18.62 min
500-100-9e-05-0.0005-0.05-10,(torneo uniforme truncamiento),52,0.7443 (200 0.9999 0.9654 0.7226 0.5546),0.0052,37.30 min
500-100-9e-05-0.0005-0.05-20,(torneo uniforme elitismo),37,0.7410 (202 0.9996 0.9640 0.7222 0.5417),0.0065,36.56 min
500-100-9e-05-0.0005-0.05-20,(torneo uniforme reemplazo),38,0.7439 (204 0.9996 0.9672 0.7193 0.5531),0.0037,18.29 min
500-100-9e-05-0.0005-0.05-20,(torneo uniforme truncamiento),34,0.7391 (204 0.9998 0.9642 0.7203 0.5377),0.0026,36.64 min
500-100-9e-05-0.0005-0.05-50,(torneo uniforme elitismo),22,0.7319 (222 0.9998 0.9607 0.7180 0.5210),0.0059,36.45 min
500-100-9e-05-0.0005-0.05-50,(torneo uniforme reemplazo),22,0.7284 (233 0.9996 0.9598 0.7185 0.5192),0.0042,18.11 min
500-100-9e-05-0.0005-0.05-50,(torneo uniforme truncamiento),20,0.7283 (229 0.9999 0.9613 0.7105 0.5125),0.0028,36.63 min
500-100-9e-05-0.005-0.0005-10,(torneo uniforme elitismo),67,0.7588 (180 0.9960 0.9751 0.7326 0.5860),0.0027,37.21 min
500-100-9e-05-0.005-0.0005-10,(torneo uniforme reemplazo),74,0.7651 (174 0.9949 0.9758 0.7361 0.6115),0.0027,18.63 min
500-100-9e-05-0.005-0.0005-10,(torneo uniforme truncamiento),47,0.7414 (219 0.9962 0.9721 0.7249 0.5375),0.0070,37.67 min
500-100-9e-05-0.005-0.0005-20,(torneo uniforme elitismo),33,0.7384 (219 0.9969 0.9686 0.7228 0.5340),0.0056,37.12 min
500-100-9e-05-0.005-0.0005-20,(torneo uniforme reemplazo),41,0.7475 (206 0.9970 0.9740 0.7252 0.5502),0.0039,18.54 min
500-100-9e-05-0.005-0.0005-20,(torneo uniforme truncamiento),35,0.7391 (219 0.9973 0.9725 0.7255 0.5206),0.0042,37.06 min
500-100-9e-05-0.005-0.0005-50,(torneo uniforme elitismo),22,0.7289 (242 0.9967 0.9650 0.7180 0.5206),0.0027,36.25 min
500-100-9e-05-0.005-0.0005-50,(torneo uniforme reemplazo),22,0.7303 (232 0.9977 0.9673 0.7187 0.5029),0.0021,18.22 min
500-100-9e-05-0.005-0.0005-50,(torneo uniforme truncamiento),21,0.7270 (237 0.9982 0.9637 0.7199 0.5010),0.0039,36.28 min
500-100-9e-05-0.005-0.005-10,(torneo uniforme elitismo),61,0.7557 (183 0.9948 0.9715 0.7345 0.5776),0.0054,37.29 min
500-100-9e-05-0.005-0.005-10,(torneo uniforme reemplazo),73,0.7660 (161 0.9956 0.9736 0.7367 0.6090),0.0016,18.69 min
500-100-9e-05-0.005-0.005-10,(torneo uniforme truncamiento),53,0.7430 (215 0.9958 0.9727 0.7282 0.5381),0.0053,37.46 min
500-100-9e-05-0.005-0.005-20,(torneo uniforme elitismo),34,0.7367 (228 0.9966 0.9688 0.7220 0.5333),0.0081,36.71 min
500-100-9e-05-0.005-0.005-20,(torneo uniforme reemplazo),41,0.7493 (193 0.9964 0.9704 0.7206 0.5627),0.0033,18.33 min
500-100-9e-05-0.005-0.005-20,(torneo uniforme truncamiento),32,0.7291 (247 0.9966 0.9678 0.7168 0.5156),0.0071,36.44 min
500-100-9e-05-0.005-0.005-50,(torneo uniforme elitismo),21,0.7285 (236 0.9973 0.9656 0.7152 0.5029),0.0072,36.30 min
500-100-9e-05-0.005-0.005-50,(torneo uniforme reemplazo),23,0.7303 (232 0.9976 0.9641 0.7169 0.5121),0.0049,18.24 min
500-100-9e-05-0.005-0.005-50,(torneo uniforme truncamiento),18,0.7261 (237 0.9984 0.9627 0.7185 0.5006),0.0026,36.22 min
500-100-9e-05-0.005-0.05-10,(torneo uniforme elitismo),62,0.7550 (174 0.9967 0.9648 0.7328 0.5901),0.0036,37.42 min
500-100-9e-05-0.005-0.05-10,(torneo uniforme reemplazo),66,0.7613 (170 0.9964 0.9675 0.7353 0.6086),0.0017,18.72 min
500-100-9e-05-0.005-0.05-10,(torneo uniforme truncamiento),45,0.7386 (214 0.9966 0.9625 0.7213 0.5459),0.0101,37.46 min
500-100-9e-05-0.005-0.05-20,(torneo uniforme elitismo),34,0.7375 (218 0.9978 0.9651 0.7260 0.5359),0.0036,37.17 min
500-100-9e-05-0.005-0.05-20,(torneo uniforme reemplazo),41,0.7434 (203 0.9972 0.9664 0.7256 0.5494),0.0073,18.48 min
500-100-9e-05-0.005-0.05-20,(torneo uniforme truncamiento),32,0.7340 (225 0.9977 0.9623 0.7174 0.5383),0.0030,36.60 min
500-100-9e-05-0.005-0.05-50,(torneo uniforme elitismo),20,0.7234 (247 0.9976 0.9599 0.7175 0.5067),0.0066,35.94 min
500-100-9e-05-0.005-0.05-50,(torneo uniforme reemplazo),20,0.7300 (232 0.9979 0.9638 0.7174 0.5139),0.0019,18.04 min
500-100-9e-05-0.005-0.05-50,(torneo uniforme truncamiento),21,0.7273 (238 0.9983 0.9634 0.7085 0.5140),0.0018,36.42 min
500-100-9e-05-0.05-0.0005-10,(torneo uniforme elitismo),36,0.7293 (223 0.9869 0.9486 0.7252 0.5546),0.0039,36.80 min
500-100-9e-05-0.05-0.0005-10,(torneo uniforme reemplazo),50,0.7334 (228 0.9801 0.9501 0.7351 0.5820),0.0054,18.68 min
500-100-9e-05-0.05-0.0005-10,(torneo uniforme truncamiento),40,0.7230 (251 0.9820 0.9510 0.7283 0.5424),0.0032,37.18 min
500-100-9e-05-0.05-0.0005-20,(torneo uniforme elitismo),21,0.7207 (247 0.9897 0.9483 0.7235 0.5299),0.0020,36.87 min
500-100-9e-05-0.05-0.0005-20,(torneo uniforme reemplazo),27,0.7239 (256 0.9854 0.9549 0.7192 0.5431),0.0054,18.43 min
500-100-9e-05-0.05-0.0005-20,(torneo uniforme truncamiento),21,0.7134 (274 0.9869 0.9520 0.7195 0.5111),0.0056,36.93 min
500-100-9e-05-0.05-0.0005-50,(torneo uniforme elitismo),13,0.7132 (270 0.9925 0.9514 0.7155 0.5090),0.0098,35.84 min
500-100-9e-05-0.05-0.0005-50,(torneo uniforme reemplazo),15,0.7146 (279 0.9904 0.9564 0.7182 0.5109),0.0024,18.13 min
500-100-9e-05-0.05-0.0005-50,(torneo uniforme truncamiento),15,0.7120 (274 0.9889 0.9508 0.7201 0.5080),0.0042,36.10 min
500-100-9e-05-0.05-0.005-10,(torneo uniforme elitismo),40,0.7298 (241 0.9836 0.9524 0.7291 0.5696),0.0055,36.49 min
500-100-9e-05-0.05-0.005-10,(torneo uniforme reemplazo),46,0.7332 (217 0.9857 0.9486 0.7320 0.5745),0.0055,18.62 min
500-100-9e-05-0.05-0.005-10,(torneo uniforme truncamiento),25,0.7160 (254 0.9913 0.9452 0.7171 0.5177),0.0050,36.31 min
500-100-9e-05-0.05-0.005-20,(torneo uniforme elitismo),23,0.7191 (256 0.9893 0.9513 0.7209 0.5273),0.0064,35.97 min
500-100-9e-05-0.05-0.005-20,(torneo uniforme reemplazo),28,0.7276 (236 0.9876 0.9510 0.7250 0.5485),0.0047,18.43 min
500-100-9e-05-0.05-0.005-20,(torneo uniforme truncamiento),22,0.7126 (282 0.9878 0.9556 0.7177 0.5105),0.0025,36.25 min
500-100-9e-05-0.05-0.005-50,(torneo uniforme elitismo),13,0.7124 (275 0.9919 0.9513 0.7147 0.5095),0.0044,35.38 min
500-100-9e-05-0.05-0.005-50,(torneo uniforme reemplazo),14,0.7155 (258 0.9917 0.9497 0.7209 0.5036),0.0032,18.07 min
500-100-9e-05-0.05-0.005-50,(torneo uniforme truncamiento),14,0.7125 (277 0.9892 0.9523 0.7208 0.5032),0.0018,35.93 min
500-100-9e-05-0.05-0.05-10,(torneo uniforme elitismo),39,0.7292 (232 0.9859 0.9449 0.7286 0.5775),0.0027,36.06 min
500-100-9e-05-0.05-0.05-10,(torneo uniforme reemplazo),52,0.7305 (239 0.9785 0.9511 0.7277 0.5782),0.0019,18.91 min
500-100-9e-05-0.05-0.05-10,(torneo uniforme truncamiento),33,0.7199 (246 0.9856 0.9449 0.7195 0.5459),0.0037,35.78 min
500-100-9e-05-0.05-0.05-20,(torneo uniforme elitismo),26,0.7215 (251 0.9873 0.9505 0.7152 0.5353),0.0052,35.01 min
500-100-9e-05-0.05-0.05-20,(torneo uniforme reemplazo),26,0.7231 (242 0.9885 0.9481 0.7291 0.5379),0.0052,18.34 min
500-100-9e-05-0.05-0.05-20,(torneo uniforme truncamiento),17,0.7111 (274 0.9899 0.9479 0.7167 0.5093),0.0033,34.95 min
500-100-9e-05-0.05-0.05-50,(torneo uniforme elitismo),12,0.7134 (257 0.9935 0.9441 0.7182 0.5116),0.0022,34.13 min
500-100-9e-05-0.05-0.05-50,(torneo uniforme reemplazo),14,0.7135 (269 0.9914 0.9517 0.7176 0.5060),0.0030,17.73 min
500-100-9e-05-0.05-0.05-50,(torneo uniforme truncamiento),13,0.7115 (270 0.9911 0.9503 0.7123 0.5034),0.0029,34.15 min
500-50-9e-05-0.0005-0.0005-10,(torneo uniforme elitismo),50,0.7553 (168 0.9997 0.9656 0.7305 0.5751),0.0029,18.80 min
500-50-9e-05-0.0005-0.0005-10,(torneo uniforme reemplazo),50,0.7594 (149 0.9999 0.9584 0.7357 0.5995),0.0023,9.44 min
500-50-9e-05-0.0005-0.0005-10,(torneo uniforme truncamiento),50,0.7460 (201 0.9995 0.9706 0.7232 0.5467),0.0043,18.60 min
500-50-9e-05-0.0005-0.0005-20,(torneo uniforme elitismo),40,0.7433 (201 0.9996 0.9722 0.7230 0.5282),0.0059,18.55 min
500-50-9e-05-0.0005-0.0005-20,(torneo uniforme reemplazo),45,0.7534 (183 0.9997 0.9731 0.7269 0.5625),0.0029,9.37 min
500-50-9e-05-0.0005-0.0005-20,(torneo uniforme truncamiento),36,0.7373 (215 0.9998 0.9679 0.7237 0.5162),0.0043,18.56 min
500-50-9e-05-0.0005-0.0005-50,(torneo uniforme elitismo),23,0.7322 (226 0.9996 0.9664 0.7139 0.5117),0.0029,18.18 min
500-50-9e-05-0.0005-0.0005-50,(torneo uniforme reemplazo),23,0.7328 (222 0.9999 0.9656 0.7179 0.5088),0.0039,9.18 min
500-50-9e-05-0.0005-0.0005-50,(torneo uniforme truncamiento),24,0.7315 (232 0.9995 0.9662 0.7142 0.5176),0.0020,18.23 min
500-50-9e-05-0.0005-0.005-10,(torneo uniforme elitismo),50,0.7564 (166 0.9997 0.9601 0.7348 0.5939),0.0024,18.71 min
500-50-9e-05-0.0005-0.005-10,(torneo uniforme reemplazo),50,0.7568 (157 0.9998 0.9587 0.7296 0.5972),0.0011,9.48 min
500-50-9e-05-0.0005-0.005-10,(torneo uniforme truncamiento),50,0.7479 (193 0.9993 0.9715 0.7259 0.5438),0.0044,18.88 min
500-50-9e-05-0.0005-0.005-20,(torneo uniforme elitismo),40,0.7454 (199 0.9995 0.9710 0.7247 0.5385),0.0045,18.48 min
500-50-9e-05-0.0005-0.005-20,(torneo uniforme reemplazo),43,0.7514 (186 0.9997 0.9711 0.7265 0.5531),0.0027,9.32 min
500-50-9e-05-0.0005-0.005-20,(torneo uniforme truncamiento),38,0.7391 (217 0.9996 0.9698 0.7205 0.5279),0.0039,18.56 min
500-50-9e-05-0.0005-0.005-50,(torneo uniforme elitismo),23,0.7293 (231 0.9999 0.9642 0.7110 0.5118),0.0051,18.23 min
500-50-9e-05-0.0005-0.005-50,(torneo uniforme reemplazo),27,0.7333 (224 0.9995 0.9670 0.7170 0.5131),0.0024,9.11 min
500-50-9e-05-0.0005-0.005-50,(torneo uniforme truncamiento),22,0.7289 (239 0.9999 0.9632 0.7222 0.5156),0.0025,18.47 min
500-50-9e-05-0.0005-0.05-10,(torneo uniforme elitismo),50,0.7542 (166 1.0000 0.9583 0.7301 0.5920),0.0008,18.99 min
500-50-9e-05-0.0005-0.05-10,(torneo uniforme reemplazo),49,0.7535 (160 0.9999 0.9543 0.7345 0.5907),0.0017,9.47 min
500-50-9e-05-0.0005-0.05-10,(torneo uniforme truncamiento),48,0.7430 (197 0.9998 0.9680 0.7214 0.5377),0.0055,18.91 min
500-50-9e-05-0.0005-0.05-20,(torneo uniforme elitismo),33,0.7409 (200 0.9998 0.9639 0.7257 0.5339),0.0041,18.55 min
500-50-9e-05-0.0005-0.05-20,(torneo uniforme reemplazo),43,0.7488 (188 0.9998 0.9672 0.7261 0.5589),0.0043,9.31 min
500-50-9e-05-0.0005-0.05-20,(torneo uniforme truncamiento),29,0.7339 (227 0.9999 0.9647 0.7214 0.5245),0.0044,18.43 min
500-50-9e-05-0.0005-0.05-50,(torneo uniforme elitismo),19,0.7273 (232 0.9998 0.9576 0.7163 0.5184),0.0045,18.00 min
500-50-9e-05-0.0005-0.05-50,(torneo uniforme reemplazo),21,0.7295 (234 0.9997 0.9633 0.7188 0.5124),0.0034,9.16 min
500-50-9e-05-0.0005-0.05-50,(torneo uniforme truncamiento),21,0.7288 (230 0.9998 0.9620 0.7133 0.5099),0.0056,18.38 min
500-50-9e-05-0.005-0.0005-10,(torneo uniforme elitismo),49,0.7540 (171 0.9965 0.9637 0.7274 0.5832),0.0010,18.75 min
500-50-9e-05-0.005-0.0005-10,(torneo uniforme reemplazo),50,0.7560 (153 0.9988 0.9563 0.7332 0.5932),0.0014,9.46 min
500-50-9e-05-0.005-0.0005-10,(torneo uniforme truncamiento),46,0.7387 (219 0.9963 0.9716 0.7214 0.5253),0.0046,18.70 min
500-50-9e-05-0.005-0.0005-20,(torneo uniforme elitismo),33,0.7391 (220 0.9970 0.9676 0.7265 0.5387),0.0059,18.47 min
500-50-9e-05-0.005-0.0005-20,(torneo uniforme reemplazo),41,0.7492 (196 0.9976 0.9707 0.7251 0.5633),0.0056,9.23 min
500-50-9e-05-0.005-0.0005-20,(torneo uniforme truncamiento),34,0.7364 (227 0.9970 0.9667 0.7213 0.5330),0.0045,18.38 min
500-50-9e-05-0.005-0.0005-50,(torneo uniforme elitismo),19,0.7289 (237 0.9979 0.9633 0.7205 0.5119),0.0023,18.34 min
500-50-9e-05-0.005-0.0005-50,(torneo uniforme reemplazo),25,0.7323 (230 0.9981 0.9654 0.7152 0.5187),0.0066,9.17 min
500-50-9e-05-0.005-0.0005-50,(torneo uniforme truncamiento),19,0.7273 (242 0.9985 0.9637 0.7171 0.5090),0.0066,18.35 min
500-50-9e-05-0.005-0.005-10,(torneo uniforme elitismo),48,0.7545 (169 0.9977 0.9630 0.7329 0.5799),0.0039,18.76 min
500-50-9e-05-0.005-0.005-10,(torneo uniforme reemplazo),50,0.7548 (159 0.9978 0.9567 0.7360 0.5895),0.0039,9.42 min
500-50-9e-05-0.005-0.005-10,(torneo uniforme truncamiento),49,0.7435 (204 0.9965 0.9678 0.7244 0.5494),0.0025,18.65 min
500-50-9e-05-0.005-0.005-20,(torneo uniforme elitismo),35,0.7413 (216 0.9969 0.9698 0.7260 0.5379),0.0057,18.49 min
500-50-9e-05-0.005-0.005-20,(torneo uniforme reemplazo),36,0.7450 (206 0.9972 0.9698 0.7274 0.5511),0.0052,9.29 min
500-50-9e-05-0.005-0.005-20,(torneo uniforme truncamiento),34,0.7352 (226 0.9976 0.9691 0.7214 0.5223),0.0026,18.52 min
500-50-9e-05-0.005-0.005-50,(torneo uniforme elitismo),21,0.7290 (241 0.9979 0.9647 0.7203 0.5079),0.0019,18.21 min
500-50-9e-05-0.005-0.005-50,(torneo uniforme reemplazo),23,0.7312 (233 0.9979 0.9653 0.7165 0.5138),0.0041,9.13 min
500-50-9e-05-0.005-0.005-50,(torneo uniforme truncamiento),23,0.7292 (242 0.9976 0.9668 0.7149 0.5099),0.0018,18.13 min
500-50-9e-05-0.005-0.05-10,(torneo uniforme elitismo),49,0.7489 (180 0.9965 0.9590 0.7288 0.5776),0.0016,19.00 min
500-50-9e-05-0.005-0.05-10,(torneo uniforme reemplazo),49,0.7520 (164 0.9973 0.9556 0.7321 0.5863),0.0030,9.47 min
500-50-9e-05-0.005-0.05-10,(torneo uniforme truncamiento),49,0.7442 (198 0.9968 0.9623 0.7290 0.5600),0.0013,18.89 min
500-50-9e-05-0.005-0.05-20,(torneo uniforme elitismo),33,0.7363 (220 0.9969 0.9642 0.7180 0.5356),0.0022,18.54 min
500-50-9e-05-0.005-0.05-20,(torneo uniforme reemplazo),36,0.7447 (200 0.9972 0.9640 0.7280 0.5630),0.0035,9.38 min
500-50-9e-05-0.005-0.05-20,(torneo uniforme truncamiento),27,0.7328 (224 0.9981 0.9616 0.7161 0.5250),0.0059,18.47 min
500-50-9e-05-0.005-0.05-50,(torneo uniforme elitismo),19,0.7254 (241 0.9979 0.9609 0.7150 0.5119),0.0039,18.30 min
500-50-9e-05-0.005-0.05-50,(torneo uniforme reemplazo),22,0.7296 (233 0.9982 0.9608 0.7209 0.5214),0.0042,9.11 min
500-50-9e-05-0.005-0.05-50,(torneo uniforme truncamiento),18,0.7233 (241 0.9978 0.9572 0.7175 0.5053),0.0073,18.07 min
500-50-9e-05-0.05-0.0005-10,(torneo uniforme elitismo),42,0.7314 (234 0.9843 0.9485 0.7324 0.5769),0.0023,18.83 min
500-50-9e-05-0.05-0.0005-10,(torneo uniforme reemplazo),47,0.7338 (221 0.9819 0.9483 0.7318 0.5766),0.0018,9.46 min
500-50-9e-05-0.05-0.0005-10,(torneo uniforme truncamiento),33,0.7191 (238 0.9872 0.9427 0.7216 0.5365),0.0035,18.75 min
500-50-9e-05-0.05-0.0005-20,(torneo uniforme elitismo),24,0.7211 (253 0.9887 0.9492 0.7242 0.5401),0.0032,18.40 min
500-50-9e-05-0.05-0.0005-20,(torneo uniforme reemplazo),24,0.7192 (251 0.9887 0.9496 0.7202 0.5304),0.0038,9.26 min
500-50-9e-05-0.05-0.0005-20,(torneo uniforme truncamiento),19,0.7123 (271 0.9895 0.9491 0.7151 0.5136),0.0020,18.62 min
500-50-9e-05-0.05-0.0005-50,(torneo uniforme elitismo),17,0.7167 (271 0.9877 0.9566 0.7183 0.5067),0.0036,18.50 min
500-50-9e-05-0.05-0.0005-50,(torneo uniforme reemplazo),13,0.7130 (264 0.9912 0.9488 0.7146 0.5062),0.0034,9.14 min
500-50-9e-05-0.05-0.0005-50,(torneo uniforme truncamiento),14,0.7130 (272 0.9895 0.9515 0.7143 0.5132),0.0051,18.54 min
500-50-9e-05-0.05-0.005-10,(torneo uniforme elitismo),43,0.7306 (234 0.9827 0.9516 0.7312 0.5697),0.0049,18.87 min
500-50-9e-05-0.05-0.005-10,(torneo uniforme reemplazo),45,0.7315 (233 0.9845 0.9498 0.7236 0.5822),0.0050,9.43 min
500-50-9e-05-0.05-0.005-10,(torneo uniforme truncamiento),32,0.7209 (243 0.9879 0.9463 0.7237 0.5355),0.0040,18.76 min
500-50-9e-05-0.05-0.005-20,(torneo uniforme elitismo),26,0.7206 (257 0.9867 0.9512 0.7234 0.5350),0.0036,18.45 min
500-50-9e-05-0.05-0.005-20,(torneo uniforme reemplazo),26,0.7220 (255 0.9855 0.9503 0.7235 0.5472),0.0037,9.18 min
500-50-9e-05-0.05-0.005-20,(torneo uniforme truncamiento),18,0.7154 (259 0.9905 0.9491 0.7195 0.5119),0.0075,18.43 min
500-50-9e-05-0.05-0.005-50,(torneo uniforme elitismo),16,0.7149 (277 0.9878 0.9528 0.7153 0.5196),0.0019,18.15 min
500-50-9e-05-0.05-0.005-50,(torneo uniforme reemplazo),16,0.7142 (269 0.9882 0.9517 0.7162 0.5103),0.0035,9.17 min
500-50-9e-05-0.05-0.005-50,(torneo uniforme truncamiento),14,0.7122 (273 0.9895 0.9536 0.7135 0.4994),0.0040,18.32 min
500-50-9e-05-0.05-0.05-10,(torneo uniforme elitismo),34,0.7280 (230 0.9886 0.9471 0.7249 0.5605),0.0070,18.87 min
500-50-9e-05-0.05-0.05-10,(torneo uniforme reemplazo),44,0.7321 (227 0.9834 0.9495 0.7284 0.5745),0.0033,9.45 min
500-50-9e-05-0.05-0.05-10,(torneo uniforme truncamiento),33,0.7168 (265 0.9856 0.9473 0.7206 0.5394),0.0054,18.74 min
500-50-9e-05-0.05-0.05-20,(torneo uniforme elitismo),22,0.7194 (250 0.9891 0.9488 0.7234 0.5215),0.0031,18.63 min
500-50-9e-05-0.05-0.05-20,(torneo uniforme reemplazo),26,0.7220 (258 0.9873 0.9528 0.7220 0.5391),0.0037,9.40 min
500-50-9e-05-0.05-0.05-20,(torneo uniforme truncamiento),18,0.7135 (259 0.9908 0.9491 0.7189 0.5025),0.0043,18.67 min
500-50-9e-05-0.05-0.05-50,(torneo uniforme elitismo),15,0.7118 (291 0.9894 0.9530 0.7169 0.5190),0.0028,18.33 min
500-50-9e-05-0.05-0.05-50,(torneo uniforme reemplazo),15,0.7146 (266 0.9905 0.9525 0.7137 0.5110),0.0035,9.13 min
500-50-9e-05-0.05-0.05-50,(torneo uniforme truncamiento),14,0.7144 (265 0.9908 0.9490 0.7179 0.5139),0.0019,18.35 min
500-80-9e-05-0.0005-0.0005-10,(torneo uniforme elitismo),73,0.7686 (149 0.9994 0.9763 0.7394 0.5915),0.0035,29.95 min
500-80-9e-05-0.0005-0.0005-10,(torneo uniforme reemplazo),75,0.7688 (147 0.9997 0.9783 0.7323 0.5913),0.0042,14.91 min
500-80-9e-05-0.0005-0.0005-10,(torneo uniforme truncamiento),59,0.7521 (182 0.9996 0.9728 0.7223 0.5544),0.0030,29.84 min
500-80-9e-05-0.0005-0.0005-20,(torneo uniforme elitismo),41,0.7440 (204 0.9996 0.9726 0.7219 0.5307),0.0071,29.51 min
500-80-9e-05-0.0005-0.0005-20,(torneo uniforme reemplazo),43,0.7496 (191 0.9994 0.9737 0.7254 0.5424),0.0037,14.76 min
500-80-9e-05-0.0005-0.0005-20,(torneo uniforme truncamiento),32,0.7366 (221 0.9995 0.9704 0.7209 0.5137),0.0057,29.36 min
500-80-9e-05-0.0005-0.0005-50,(torneo uniforme elitismo),23,0.7326 (228 0.9997 0.9644 0.7204 0.5202),0.0043,29.25 min
500-80-9e-05-0.0005-0.0005-50,(torneo uniforme reemplazo),29,0.7362 (219 0.9999 0.9687 0.7169 0.5232),0.0063,14.59 min
500-80-9e-05-0.0005-0.0005-50,(torneo uniforme truncamiento),29,0.7321 (226 0.9994 0.9636 0.7217 0.5120),0.0043,29.22 min
500-80-9e-05-0.0005-0.005-10,(torneo uniforme elitismo),69,0.7672 (155 0.9995 0.9765 0.7349 0.5951),0.0018,30.44 min
500-80-9e-05-0.0005-0.005-10,(torneo uniforme reemplazo),77,0.7721 (148 0.9995 0.9768 0.7382 0.6174),0.0035,15.04 min
500-80-9e-05-0.0005-0.005-10,(torneo uniforme truncamiento),54,0.7456 (208 0.9996 0.9733 0.7244 0.5402),0.0043,29.89 min
500-80-9e-05-0.0005-0.005-20,(torneo uniforme elitismo),38,0.7442 (201 0.9998 0.9714 0.7250 0.5330),0.0053,29.34 min
500-80-9e-05-0.0005-0.005-20,(torneo uniforme reemplazo),45,0.7526 (184 0.9998 0.9732 0.7259 0.5571),0.0015,14.81 min
500-80-9e-05-0.0005-0.005-20,(torneo uniforme truncamiento),38,0.7418 (209 0.9997 0.9692 0.7206 0.5376),0.0058,29.27 min
500-80-9e-05-0.0005-0.005-50,(torneo uniforme elitismo),28,0.7296 (225 0.9997 0.9631 0.7175 0.5027),0.0067,29.10 min
500-80-9e-05-0.0005-0.005-50,(torneo uniforme reemplazo),23,0.7342 (227 0.9999 0.9657 0.7189 0.5271),0.0058,14.55 min
500-80-9e-05-0.0005-0.005-50,(torneo uniforme truncamiento),22,0.7286 (237 0.9998 0.9652 0.7168 0.5067),0.0053,29.26 min
500-80-9e-05-0.0005-0.05-10,(torneo uniforme elitismo),65,0.7611 (164 0.9996 0.9703 0.7259 0.5939),0.0023,29.90 min
500-80-9e-05-0.0005-0.05-10,(torneo uniforme reemplazo),73,0.7649 (154 0.9995 0.9710 0.7326 0.6039),0.0022,15.12 min
500-80-9e-05-0.0005-0.05-10,(torneo uniforme truncamiento),54,0.7432 (202 0.9995 0.9676 0.7138 0.5460),0.0043,29.73 min
500-80-9e-05-0.0005-0.05-20,(torneo uniforme elitismo),33,0.7426 (200 0.9999 0.9674 0.7232 0.5381),0.0047,30.04 min
500-80-9e-05-0.0005-0.05-20,(torneo uniforme reemplazo),41,0.7467 (198 0.9997 0.9678 0.7219 0.5608),0.0073,14.66 min
500-80-9e-05-0.0005-0.05-20,(torneo uniforme truncamiento),31,0.7366 (213 0.9998 0.9654 0.7205 0.5250),0.0055,29.23 min
500-80-9e-05-0.0005-0.05-50,(torneo uniforme elitismo),22,0.7285 (234 0.9997 0.9621 0.7170 0.5122),0.0048,29.21 min
500-80-9e-05-0.0005-0.05-50,(torneo uniforme reemplazo),19,0.7274 (229 0.9999 0.9584 0.7172 0.5115),0.0060,14.43 min
500-80-9e-05-0.0005-0.05-50,(torneo uniforme truncamiento),22,0.7279 (240 0.9999 0.9656 0.7189 0.5050),0.0043,28.91 min
500-80-9e-05-0.005-0.0005-10,(torneo uniforme elitismo),70,0.7628 (168 0.9954 0.9757 0.7334 0.5901),0.0047,30.42 min
500-80-9e-05-0.005-0.0005-10,(torneo uniforme reemplazo),73,0.7654 (167 0.9958 0.9767 0.7349 0.6036),0.0032,15.11 min
500-80-9e-05-0.005-0.0005-10,(torneo uniforme truncamiento),48,0.7446 (207 0.9961 0.9702 0.7254 0.5472),0.0047,29.80 min
500-80-9e-05-0.005-0.0005-20,(torneo uniforme elitismo),37,0.7415 (222 0.9957 0.9696 0.7228 0.5531),0.0044,29.15 min
500-80-9e-05-0.005-0.0005-20,(torneo uniforme reemplazo),41,0.7490 (193 0.9972 0.9732 0.7229 0.5516),0.0016,14.92 min
500-80-9e-05-0.005-0.0005-20,(torneo uniforme truncamiento),32,0.7328 (237 0.9965 0.9692 0.7195 0.5192),0.0054,29.28 min
500-80-9e-05-0.005-0.0005-50,(torneo uniforme elitismo),21,0.7292 (239 0.9975 0.9644 0.7227 0.5120),0.0040,29.12 min
500-80-9e-05-0.005-0.0005-50,(torneo uniforme reemplazo),20,0.7279 (239 0.9971 0.9652 0.7152 0.5085),0.0022,14.58 min
500-80-9e-05-0.005-0.0005-50,(torneo uniforme truncamiento),20,0.7279 (236 0.9976 0.9642 0.7188 0.5045),0.0037,29.17 min
500-80-9e-05-0.005-0.005-10,(torneo uniforme elitismo),60,0.7560 (181 0.9957 0.9714 0.7344 0.5770),0.0066,30.00 min
500-80-9e-05-0.005-0.005-10,(torneo uniforme reemplazo),67,0.7633 (162 0.9955 0.9713 0.7336 0.6024),0.0036,15.04 min
500-80-9e-05-0.005-0.005-10,(torneo uniforme truncamiento),46,0.7413 (210 0.9961 0.9703 0.7205 0.5325),0.0048,30.09 min
500-80-9e-05-0.005-0.005-20,(torneo uniforme elitismo),35,0.7398 (217 0.9968 0.9684 0.7218 0.5352),0.0061,29.79 min
500-80-9e-05-0.005-0.005-20,(torneo uniforme reemplazo),42,0.7496 (196 0.9963 0.9709 0.7273 0.5603),0.0029,14.89 min
500-80-9e-05-0.005-0.005-20,(torneo uniforme truncamiento),31,0.7339 (228 0.9968 0.9672 0.7168 0.5288),0.0074,29.45 min
500-80-9e-05-0.005-0.005-50,(torneo uniforme elitismo),21,0.7270 (240 0.9979 0.9644 0.7173 0.5035),0.0040,28.88 min
500-80-9e-05-0.005-0.005-50,(torneo uniforme reemplazo),20,0.7313 (223 0.9985 0.9639 0.7164 0.5104),0.0037,14.61 min
500-80-9e-05-0.005-0.005-50,(torneo uniforme truncamiento),20,0.7222 (249 0.9970 0.9608 0.7147 0.5014),0.0043,28.77 min
500-80-9e-05-0.005-0.05-10,(torneo uniforme elitismo),61,0.7539 (182 0.9964 0.9669 0.7289 0.5868),0.0053,29.97 min
500-80-9e-05-0.005-0.05-10,(torneo uniforme reemplazo),63,0.7595 (169 0.9965 0.9650 0.7318 0.6108),0.0045,15.05 min
500-80-9e-05-0.005-0.05-10,(torneo uniforme truncamiento),53,0.7416 (212 0.9973 0.9649 0.7229 0.5524),0.0048,29.83 min
500-80-9e-05-0.005-0.05-20,(torneo uniforme elitismo),32,0.7383 (210 0.9980 0.9640 0.7188 0.5385),0.0033,29.27 min
500-80-9e-05-0.005-0.05-20,(torneo uniforme reemplazo),38,0.7449 (200 0.9971 0.9661 0.7239 0.5549),0.0047,14.81 min
500-80-9e-05-0.005-0.05-20,(torneo uniforme truncamiento),29,0.7322 (231 0.9979 0.9633 0.7205 0.5301),0.0063,29.67 min
500-80-9e-05-0.005-0.05-50,(torneo uniforme elitismo),22,0.7285 (235 0.9981 0.9595 0.7152 0.5184),0.0040,29.47 min
500-80-9e-05-0.005-0.05-50,(torneo uniforme reemplazo),22,0.7313 (228 0.9980 0.9616 0.7176 0.5216),0.0020,14.58 min
500-80-9e-05-0.005-0.05-50,(torneo uniforme truncamiento),20,0.7239 (242 0.9983 0.9600 0.7182 0.5000),0.0016,29.10 min
500-80-9e-05-0.05-0.0005-10,(torneo uniforme elitismo),42,0.7310 (242 0.9853 0.9519 0.7299 0.5774),0.0045,29.88 min
500-80-9e-05-0.05-0.0005-10,(torneo uniforme reemplazo),46,0.7334 (226 0.9840 0.9495 0.7350 0.5768),0.0020,14.97 min
500-80-9e-05-0.05-0.0005-10,(torneo uniforme truncamiento),39,0.7227 (249 0.9841 0.9504 0.7231 0.5473),0.0029,29.78 min
500-80-9e-05-0.05-0.0005-20,(torneo uniforme elitismo),21,0.7202 (244 0.9898 0.9496 0.7214 0.5272),0.0060,29.31 min
500-80-9e-05-0.05-0.0005-20,(torneo uniforme reemplazo),27,0.7234 (251 0.9848 0.9538 0.7270 0.5304),0.0081,14.79 min
500-80-9e-05-0.05-0.0005-20,(torneo uniforme truncamiento),22,0.7160 (271 0.9856 0.9528 0.7197 0.5205),0.0032,30.04 min
500-80-9e-05-0.05-0.0005-50,(torneo uniforme elitismo),15,0.7129 (282 0.9880 0.9557 0.7178 0.5124),0.0060,28.90 min
500-80-9e-05-0.05-0.0005-50,(torneo uniforme reemplazo),14,0.7141 (263 0.9902 0.9512 0.7131 0.5071),0.0042,14.33 min
500-80-9e-05-0.05-0.0005-50,(torneo uniforme truncamiento),14,0.7114 (269 0.9904 0.9497 0.7169 0.5004),0.0033,29.12 min
500-80-9e-05-0.05-0.005-10,(torneo uniforme elitismo),42,0.7312 (233 0.9837 0.9522 0.7312 0.5648),0.0045,29.74 min
500-80-9e-05-0.05-0.005-10,(torneo uniforme reemplazo),47,0.7348 (219 0.9842 0.9506 0.7288 0.5797),0.0041,15.06 min
500-80-9e-05-0.05-0.005-10,(torneo uniforme truncamiento),33,0.7208 (248 0.9870 0.9485 0.7226 0.5379),0.0047,29.97 min
500-80-9e-05-0.05-0.005-20,(torneo uniforme elitismo),21,0.7211 (247 0.9906 0.9491 0.7182 0.5321),0.0046,29.52 min
500-80-9e-05-0.05-0.005-20,(torneo uniforme reemplazo),27,0.7248 (249 0.9876 0.9523 0.7248 0.5430),0.0049,14.74 min
500-80-9e-05-0.05-0.005-20,(torneo uniforme truncamiento),20,0.7156 (275 0.9870 0.9540 0.7239 0.5121),0.0028,29.77 min
500-80-9e-05-0.05-0.005-50,(torneo uniforme elitismo),15,0.7150 (274 0.9919 0.9542 0.7189 0.5126),0.0026,29.43 min
500-80-9e-05-0.05-0.005-50,(torneo uniforme reemplazo),14,0.7145 (269 0.9908 0.9511 0.7166 0.5137),0.0036,14.51 min
500-80-9e-05-0.05-0.005-50,(torneo uniforme truncamiento),13,0.7109 (274 0.9901 0.9502 0.7171 0.5077),0.0033,29.42 min
500-80-9e-05-0.05-0.05-10,(torneo uniforme elitismo),43,0.7288 (236 0.9832 0.9492 0.7289 0.5662),0.0027,30.17 min
500-80-9e-05-0.05-0.05-10,(torneo uniforme reemplazo),44,0.7304 (231 0.9833 0.9491 0.7266 0.5733),0.0037,14.89 min
500-80-9e-05-0.05-0.05-10,(torneo uniforme truncamiento),28,0.7183 (253 0.9887 0.9453 0.7208 0.5372),0.0028,29.71 min
500-80-9e-05-0.05-0.05-20,(torneo uniforme elitismo),20,0.7219 (233 0.9934 0.9440 0.7220 0.5334),0.0052,29.29 min
500-80-9e-05-0.05-0.05-20,(torneo uniforme reemplazo),26,0.7232 (255 0.9876 0.9547 0.7245 0.5344),0.0027,14.61 min
500-80-9e-05-0.05-0.05-20,(torneo uniforme truncamiento),18,0.7135 (271 0.9888 0.9510 0.7161 0.5097),0.0037,29.19 min
500-80-9e-05-0.05-0.05-50,(torneo uniforme elitismo),14,0.7125 (277 0.9901 0.9507 0.7180 0.5077),0.0036,29.28 min
500-80-9e-05-0.05-0.05-50,(torneo uniforme reemplazo),17,0.7139 (274 0.9889 0.9520 0.7178 0.5103),0.0034,14.44 min
500-80-9e-05-0.05-0.05-50,(torneo uniforme truncamiento),14,0.7086 (286 0.9895 0.9518 0.7171 0.4942),0.0038,29.12 min
Tiempo Total,,,,,37.04 hr
